,name,github_id,category,github_url,homepage,license,created_at,updated_at,last_commit_pushed_at,fork_count,open_issue_count,closed_issue_count,star_count,commit_count,latest_stable_release_published_at,latest_stable_release_number,github_release_downloads,monthly_downloads,release_count,description,dependent_project_count,github_dependent_project_count,contributor_count,projectrank,show,projectrank_placing,updated_github_id,trending,labels,new_addition
0,qdrant,qdrant/qdrant,apps,https://github.com/qdrant/qdrant,https://github.com/qdrant/qdrant,Apache-2.0,2020-05-30 21:37:01,2024-12-30 18:29:00,2024-12-09 13:38:58,1435.0,295.0,1038.0,21172.0,3653.0,2024-12-09 15:05:46,1.12.5,271024.0,6022.0,89.0,"Qdrant - High-performance, massive-scale Vector Database and Vector Search Engine for the next generation of AI. Also..",116.0,116.0,128.0,28,True,1.0,,,,
1,vector,timberio/vector,data-loading,https://github.com/vectordotdev/vector,https://github.com/vectordotdev/vector,MPL-2.0,2018-08-27 16:57:34,2024-12-30 04:37:03,2024-12-19 23:04:58,1596.0,1800.0,5927.0,18491.0,12163.0,2024-12-10 17:15:08,0.43.1,2600040.0,39394.0,87.0,A high-performance observability data pipeline.,,,486.0,28,True,1.0,vectordotdev/vector,,,
2,polars,ritchie46/polars,data-loading,https://github.com/pola-rs/polars,https://github.com/pola-rs/polars,,2020-05-13 19:45:33,2025-01-01 06:53:00,2024-12-31 14:39:28,2018.0,2136.0,7361.0,31177.0,,2024-12-24 08:51:11,py-1.18.0,2475.0,165.0,100.0,"Dataframes powered by a multithreaded, vectorized query engine, written in Rust.",16830.0,16830.0,527.0,25,False,1.0,pola-rs/polars,,,
3,tokenizers,huggingface/tokenizers,nlp,https://github.com/huggingface/tokenizers,https://github.com/huggingface/tokenizers,Apache-2.0,2019-11-01 17:52:20,2024-12-31 17:36:02,2024-12-31 17:36:01,801.0,58.0,962.0,9206.0,,2024-11-15 11:12:00,0.21.0,71.0,1.0,92.0,Fast State-of-the-Art Tokenizers optimized for Research and Production.,125779.0,125779.0,101.0,25,True,1.0,,,,
4,petgraph,petgraph/petgraph,graph,https://github.com/petgraph/petgraph,https://github.com/petgraph/petgraph,Apache-2.0,2014-12-22 08:15:12,2024-12-31 12:37:38,2024-12-31 11:18:53,345.0,154.0,169.0,3003.0,1315.0,,,,,,Graph data structure library for Rust.,127688.0,127688.0,114.0,25,True,1.0,,,,
5,MeiliSearch,meilisearch/MeiliSearch,apps,https://github.com/meilisearch/meilisearch,https://github.com/meilisearch/meilisearch,MIT,2018-04-23 11:45:28,2024-12-31 17:44:27,2024-12-31 10:55:22,1873.0,161.0,1895.0,48491.0,,2024-12-23 08:57:05,1.12.0,245180.0,10660.0,100.0,"A lightning-fast search API that fits effortlessly into your apps, websites, and workflow.",,,203.0,24,True,1.0,,,,
6,tiktoken,openai/tiktoken,nlp,https://github.com/openai/tiktoken,https://github.com/openai/tiktoken,MIT,2022-12-01 23:22:11,2024-10-03 22:44:27,2024-10-03 21:15:34,802.0,36.0,207.0,12860.0,,2024-10-03 22:44:27,0.8.0,,,10.0,tiktoken is a fast BPE tokeniser for use with OpenAI's models.,114538.0,114538.0,17.0,24,True,1.0,,-1.0,,
7,rayon,rayon-rs/rayon,data-loading,https://github.com/rayon-rs/rayon,https://github.com/rayon-rs/rayon,Apache-2.0,2014-10-02 15:38:05,2024-12-03 00:09:51,2024-12-03 00:06:18,490.0,185.0,396.0,11280.0,,,,,,,Rayon: A data parallelism library for Rust.,249961.0,249961.0,153.0,24,True,1.0,,,,
8,redb,cberner/redb,data-loading,https://github.com/cberner/redb,https://github.com/cberner/redb,Apache-2.0,2018-09-23 18:30:14,2024-12-31 17:06:34,2024-12-31 17:06:34,157.0,9.0,315.0,3448.0,1218.0,2024-12-30 20:42:21,2.4.0,,,49.0,An embedded key-value database in pure Rust.,821.0,821.0,25.0,24,True,1.0,,,,
9,rust-csv,BurntSushi/rust-csv,data-loading,https://github.com/BurntSushi/rust-csv,https://github.com/BurntSushi/rust-csv,Unlicense,2014-03-22 06:58:51,2024-12-31 13:52:04,2024-12-31 13:51:51,221.0,57.0,174.0,1736.0,462.0,,,,,,"A CSV parser for Rust, with Serde support.",86457.0,86457.0,54.0,24,True,1.0,,,,
10,arrow,apache/arrow,data-loading,https://github.com/apache/arrow,https://github.com/apache/arrow,Apache-2.0,2016-02-17 08:00:23,2025-01-01 07:27:33,2025-01-01 07:27:33,3440.0,4101.0,21553.0,14795.0,,2024-11-24 18:49:20,apache-arrow-18.1.0,1911.0,318.0,10.0,Apache Arrow is the universal columnar format and multi-language toolbox for fast data interchange and in-memory..,8.0,8.0,1336.0,23,True,2.0,,,,
11,tantivy,tantivy-search/tantivy,apps,https://github.com/quickwit-oss/tantivy,https://github.com/quickwit-oss/tantivy,MIT,2016-01-11 08:32:16,2024-12-31 20:57:47,2024-12-26 09:25:05,656.0,279.0,742.0,12359.0,,2024-04-12 05:05:18,0.22.0,,,46.0,Tantivy is a full-text search engine library inspired by Apache Lucene and written in Rust.,1724.0,1724.0,155.0,23,True,1.0,quickwit-oss/tantivy,,,
12,burn,burn-rs/burn,ml-frameworks,https://github.com/tracel-ai/burn,https://github.com/tracel-ai/burn,Apache-2.0,2022-07-18 23:11:45,2024-12-30 17:33:51,2024-12-20 21:06:22,462.0,217.0,540.0,9299.0,,2024-10-28 19:45:02,0.15.0,,,17.0,"Burn is a new comprehensive dynamic Deep Learning Framework built using Rust with extreme flexibility, compute..",554.0,554.0,149.0,23,True,1.0,tracel-ai/burn,1.0,,
13,rerun,rerun-io/rerun,image,https://github.com/rerun-io/rerun,https://github.com/rerun-io/rerun,Apache-2.0,2022-04-08 07:30:05,2025-01-01 04:11:05,2024-12-30 11:38:13,371.0,1113.0,2251.0,7394.0,,2024-12-18 15:06:06,0.21.0,66271.0,2881.0,39.0,"Visualize streams of multimodal data. Free, fast, easy to use, and simple to integrate. Built in Rust.",124.0,124.0,72.0,23,True,1.0,,,,
14,cgmath,rustgd/cgmath,image,https://github.com/rustgd/cgmath,https://github.com/rustgd/cgmath,Apache-2.0,2013-08-26 05:16:44,2024-12-07 19:29:05,2024-12-07 19:29:05,154.0,56.0,123.0,1147.0,1587.0,,,,,,A linear algebra and mathematics library for computer graphics.,15752.0,15752.0,99.0,23,True,1.0,,,,
15,memchr,BurntSushi/memchr,nlp,https://github.com/BurntSushi/memchr,https://github.com/BurntSushi/memchr,Unlicense,2015-06-11 23:01:31,2024-12-31 13:26:09,2024-12-31 13:25:21,103.0,7.0,62.0,950.0,249.0,,,,,,Optimized string search routines for Rust.,672663.0,672663.0,44.0,23,True,1.0,,,,
16,statrs,boxtown/statrs,ml-frameworks,https://github.com/statrs-dev/statrs,https://github.com/statrs-dev/statrs,MIT,2016-03-11 06:38:50,2024-12-03 06:48:06,2024-12-03 06:40:25,85.0,40.0,111.0,621.0,847.0,2024-06-08 05:11:13,0.17.1,,,3.0,Statistical computation library for Rust.,17230.0,17230.0,47.0,23,True,1.0,statrs-dev/statrs,1.0,,
17,lance,eto-ai/lance,data-loading,https://github.com/lancedb/lance,https://github.com/lancedb/lance,Apache-2.0,2022-07-07 22:29:29,2024-12-31 18:52:56,2024-12-31 18:19:03,235.0,494.0,629.0,4072.0,,2024-12-23 23:47:41,0.21.0,,,100.0,Modern columnar data format for ML and LLMs implemented in Rust. Convert from parquet in 2 lines of code for 100x..,3717.0,3717.0,75.0,22,True,2.0,lancedb/lance,,,
18,rusoto,rusoto/rusoto,ml-frameworks,https://github.com/rusoto/rusoto,https://github.com/rusoto/rusoto,MIT,2015-07-15 00:22:17,2023-12-11 09:58:15,2022-04-25 02:35:58,423.0,224.0,689.0,2734.0,3175.0,2022-04-25 05:12:51,rusoto-v0.48.0,,,42.0,AWS SDK for Rust.,310.0,310.0,189.0,22,False,1.0,,,,
19,LlamaEdge,LlamaEdge/LlamaEdge,apps,https://github.com/LlamaEdge/LlamaEdge,https://github.com/LlamaEdge/LlamaEdge,Apache-2.0,2023-10-09 03:30:44,2025-01-01 01:55:26,2024-12-18 05:39:49,97.0,4.0,103.0,1165.0,,2024-12-18 06:15:29,0.15.1,1166355.0,89719.0,79.0,The easiest & fastest way to run customized and fine-tuned LLMs locally or on the edge.,20.0,20.0,10.0,22,True,2.0,,,,
20,aho-corasick,BurntSushi/aho-corasick,nlp,https://github.com/BurntSushi/aho-corasick,https://github.com/BurntSushi/aho-corasick,Unlicense,2015-06-11 23:02:10,2024-09-25 20:44:36,2024-09-25 20:44:34,93.0,5.0,66.0,1045.0,293.0,,,,,,A fast implementation of Aho-Corasick in Rust.,519985.0,519985.0,32.0,22,True,1.0,,,,
21,Peroxide,Axect/Peroxide,ml-frameworks,https://github.com/Axect/Peroxide,https://github.com/Axect/Peroxide,Apache-2.0,2018-04-20 18:38:06,2024-12-12 03:07:28,2024-11-22 08:20:07,32.0,9.0,29.0,561.0,1738.0,2024-11-28 04:52:52,0.39.0,,,16.0,Rust numeric library with high performance and friendly syntax.,220.0,220.0,24.0,22,True,1.0,,,,
22,candle,huggingface/candle,ml-frameworks,https://github.com/huggingface/candle,https://github.com/huggingface/candle,Apache-2.0,2023-06-19 16:06:31,2024-12-31 18:07:59,2024-12-31 18:07:47,975.0,346.0,397.0,16167.0,,,,,,,Minimalist ML framework for Rust.,1373.0,1373.0,168.0,21,True,1.0,,,,
23,arrow-datafusion,apache/arrow-datafusion,data-loading,https://github.com/apache/datafusion,https://github.com/apache/datafusion,Apache-2.0,2021-04-17 15:40:23,2025-01-01 08:30:03,2024-12-31 17:35:43,1228.0,1135.0,4420.0,6520.0,,,,,,,Apache DataFusion SQL Query Engine.,2814.0,2814.0,753.0,21,True,2.0,apache/datafusion,,,
24,mistral.rs,EricLBuehler/mistral.rs,ml-frameworks,https://github.com/EricLBuehler/mistral.rs,https://github.com/EricLBuehler/mistral.rs,MIT,2024-02-26 22:30:06,2024-12-31 21:59:47,2024-12-30 10:13:59,329.0,71.0,230.0,4744.0,2551.0,2024-11-28 19:27:09,0.3.4,1168.0,129.0,36.0,Blazingly fast LLM inference.,,,41.0,21,True,1.0,,,,
25,nalgebra,dimforge/nalgebra,ml-frameworks,https://github.com/dimforge/nalgebra,https://github.com/dimforge/nalgebra,Apache-2.0,2013-05-14 19:10:06,2024-10-31 03:54:30,2024-10-31 03:54:30,479.0,324.0,402.0,4096.0,,,,,,,Linear algebra library for Rust.,44160.0,44160.0,220.0,21,True,1.0,,-1.0,,
26,linfa,rust-ml/linfa,ml-frameworks,https://github.com/rust-ml/linfa,https://github.com/rust-ml/linfa,Apache-2.0,2018-04-05 07:03:30,2024-08-17 20:08:54,2024-07-03 11:37:43,252.0,63.0,98.0,3838.0,325.0,2022-06-15 05:07:41,0.6.0,,,8.0,A Rust machine learning framework.,574.0,574.0,45.0,21,True,1.0,,,,
27,arrow-rs,apache/arrow-rs,data-loading,https://github.com/apache/arrow-rs,https://github.com/apache/arrow-rs,Apache-2.0,2021-04-17 15:40:05,2024-12-31 13:25:14,2024-12-30 12:42:37,811.0,362.0,2468.0,2673.0,,,,,,,Official Rust implementation of Apache Arrow.,7321.0,7321.0,633.0,21,True,2.0,,,,
28,delta-rs,delta-io/delta-rs,data-loading,https://github.com/delta-io/delta-rs,https://github.com/delta-io/delta-rs,Apache-2.0,2020-04-26 03:48:06,2025-01-01 00:41:05,2025-01-01 00:17:08,410.0,181.0,978.0,2420.0,,2024-12-05 08:52:41,python-v0.22.3,,,81.0,"A native Rust library for Delta Lake, with bindings into Python.",432.0,432.0,205.0,21,True,2.0,,,,
29,synth,openquery-io/synth,data-loading,https://github.com/shuttle-hq/synth,https://github.com/shuttle-hq/synth,Apache-2.0,2020-08-09 08:51:34,2024-09-27 15:51:09,2024-09-27 15:51:09,108.0,82.0,79.0,1396.0,350.0,2022-11-20 18:01:03,0.6.9,15340.0,326.0,35.0,The Declarative Data Generator.,112.0,112.0,32.0,21,True,2.0,shuttle-hq/synth,,,
30,rust-numpy,PyO3/rust-numpy,ml-frameworks,https://github.com/PyO3/rust-numpy,https://github.com/PyO3/rust-numpy,BSD-2-Clause,2017-04-21 06:36:48,2024-12-05 21:48:11,2024-12-05 21:47:41,111.0,14.0,125.0,1158.0,,2024-11-28 21:50:50,0.23.0,,,29.0,PyO3-based Rust bindings of the NumPy C-API.,3497.0,3497.0,53.0,21,True,1.0,,,,
31,ollama-rs,pepperoni21/ollama-rs,nlp,https://github.com/pepperoni21/ollama-rs,https://github.com/pepperoni21/ollama-rs,MIT,2023-11-02 16:16:33,2024-12-30 19:40:16,2024-12-30 19:40:16,87.0,10.0,37.0,607.0,273.0,2024-12-21 10:41:21,0.2.2,,,13.0,A Rust library allowing to interact with the Ollama API.,326.0,326.0,31.0,21,True,1.0,,,,
32,ChatGPT,lencx/ChatGPT,apps,https://github.com/lencx/ChatGPT,https://github.com/lencx/ChatGPT,,2022-12-07 09:43:02,2024-08-29 17:58:11,2024-08-29 17:58:11,5932.0,748.0,346.0,53356.0,,2023-08-03 13:51:20,1.1.0,5702920.0,228116.0,34.0,"ChatGPT Desktop Application (Mac, Windows and Linux).",,,31.0,20,False,2.0,,,,
33,sonic,valeriansaliou/sonic,apps,https://github.com/valeriansaliou/sonic,https://github.com/valeriansaliou/sonic,MPL-2.0,2019-02-26 13:16:58,2024-08-03 08:43:05,2024-07-22 20:53:09,579.0,62.0,203.0,20224.0,729.0,2024-06-16 20:28:51,1.4.9,455.0,6.0,34.0,"Fast, lightweight & schema-less search backend. An alternative to Elasticsearch that runs on a few MBs of RAM.",21.0,21.0,44.0,20,True,2.0,,,,
34,tvm,apache/tvm,ml-frameworks,https://github.com/apache/tvm,https://github.com/apache/tvm,Apache-2.0,2016-10-12 22:20:28,2024-12-16 05:03:19,2024-12-15 14:56:01,3318.0,449.0,2977.0,11898.0,,2024-10-17 15:36:51,0.18.0.rc0,4708.0,56.0,20.0,"Open deep learning compiler stack for cpu, gpu and specialized accelerators.",,,1033.0,20,True,2.0,,,['binding'],
35,screenpipe,mediar-ai/screenpipe,apps,https://github.com/mediar-ai/screenpipe,https://github.com/mediar-ai/screenpipe,MIT,2024-06-19 13:23:56,2024-12-31 03:26:10,2024-12-31 03:26:08,724.0,137.0,431.0,11339.0,,2024-12-30 17:33:27,0.2.23,4340.0,620.0,84.0,"build ai agents that have the full context, open source, runs locally, developer friendly. 24/7 screen, mic, keyboard..",,,59.0,20,True,2.0,,,,
36,bloop,BloopAI/bloop,apps,https://github.com/BloopAI/bloop,https://github.com/BloopAI/bloop,Apache-2.0,2022-12-10 14:04:30,2024-12-04 17:39:21,2024-12-04 17:39:21,571.0,43.0,103.0,9473.0,,2024-04-23 16:43:29,0.6.5,53670.0,2146.0,48.0,bloop is a fast code search engine written in Rust.,,,30.0,20,True,2.0,,,,
37,grex,pemistahl/grex,nlp,https://github.com/pemistahl/grex,https://github.com/pemistahl/grex,Apache-2.0,2019-10-05 17:38:23,2024-12-31 17:21:08,2024-12-04 20:13:39,174.0,8.0,45.0,7350.0,,2024-03-06 10:49:19,1.4.5,48775.0,774.0,15.0,A command-line tool and Rust library with Python bindings for generating regular expressions from user-provided test..,164.0,164.0,10.0,20,True,1.0,,,,
38,tch-rs,LaurentMazare/tch-rs,ml-frameworks,https://github.com/LaurentMazare/tch-rs,https://github.com/LaurentMazare/tch-rs,Apache-2.0,2019-02-16 21:08:44,2024-12-10 10:38:36,2024-12-10 10:38:36,345.0,148.0,426.0,4462.0,,,,2071.0,62.0,1.0,Rust bindings for the C++ api of PyTorch.,2080.0,2080.0,78.0,20,True,2.0,,,['binding'],
39,arroyo,ArroyoSystems/arroyo,data-loading,https://github.com/ArroyoSystems/arroyo,https://github.com/ArroyoSystems/arroyo,Apache-2.0,2023-03-31 17:41:56,2024-12-31 04:04:45,2024-12-28 00:14:00,227.0,53.0,111.0,3882.0,682.0,2024-12-19 16:35:39,0.13.0,742.0,37.0,24.0,Distributed stream processing engine in Rust.,,,26.0,20,True,3.0,,,,
40,fst,BurntSushi/fst,data-loading,https://github.com/BurntSushi/fst,https://github.com/BurntSushi/fst,Unlicense,2015-09-05 00:25:46,2024-09-25 20:46:04,2024-09-25 20:46:03,118.0,26.0,62.0,1814.0,271.0,,,,,,Represent large sets and maps compactly with finite state transducers.,11447.0,11447.0,25.0,20,True,3.0,,,,
41,imageproc,image-rs/imageproc,image,https://github.com/image-rs/imageproc,https://github.com/image-rs/imageproc,MIT,2015-09-27 18:11:32,2024-12-10 18:31:46,2024-12-10 18:31:46,148.0,62.0,176.0,785.0,771.0,,,,,,Image processing operations.,5615.0,5615.0,80.0,20,True,2.0,,,,
42,azure-sdk-for-rust,Azure/azure-sdk-for-rust,ml-frameworks,https://github.com/Azure/azure-sdk-for-rust,https://github.com/Azure/azure-sdk-for-rust,MIT,2020-09-15 18:05:06,2025-01-01 00:33:20,2024-12-14 00:07:48,244.0,202.0,433.0,726.0,,,,,,24.0,This repository is for the active development of the Azure SDK for Rust. For consumers of the SDK we recommend..,1272.0,1272.0,155.0,20,True,2.0,,,['binding'],
43,fancy-regex,fancy-regex/fancy-regex,nlp,https://github.com/fancy-regex/fancy-regex,https://github.com/fancy-regex/fancy-regex,MIT,2018-10-02 17:55:03,2024-10-24 10:27:21,2024-10-24 10:27:17,37.0,14.0,33.0,445.0,,2024-10-24 08:54:21,0.14.0,,,6.0,Rust library for regular expressions using fancy features like look-around and backreferences.,12002.0,12002.0,26.0,20,True,1.0,,-1.0,,
44,sprs,vbarrielle/sprs,ml-frameworks,https://github.com/sparsemat/sprs,https://github.com/sparsemat/sprs,Apache-2.0,2015-05-17 19:01:01,2024-11-19 21:25:17,2024-11-19 21:25:15,45.0,46.0,109.0,433.0,1165.0,,,,,,sparse linear algebra library for rust.,1481.0,1481.0,37.0,20,True,2.0,sparsemat/sprs,,,
45,tabby,TabbyML/tabby,apps,https://github.com/TabbyML/tabby,https://github.com/TabbyML/tabby,,2023-03-16 09:18:01,2024-12-31 20:03:09,2024-12-31 07:48:45,1048.0,148.0,631.0,22438.0,,2024-12-24 05:39:02,0.22.0,31648.0,1978.0,100.0,Self-hosted AI coding assistant.,,,102.0,19,False,2.0,,,,True
46,llama-rs,rustformers/llama-rs,nlp,https://github.com/rustformers/llm,https://github.com/rustformers/llm,Apache-2.0,2023-03-13 16:59:26,2024-06-24 16:29:01,2024-06-24 16:28:50,354.0,81.0,150.0,6091.0,,2023-05-08 19:23:10,0.1.1,1225.0,61.0,1.0,"[Unmaintained, see README] An ecosystem of Rust libraries for working with large language models.",325.0,325.0,53.0,19,True,2.0,rustformers/llm,,,
47,zombodb,zombodb/zombodb,apps,https://github.com/zombodb/zombodb,https://github.com/zombodb/zombodb,,2015-07-17 16:53:20,2024-11-02 20:13:04,2024-11-02 19:37:33,211.0,9.0,674.0,4691.0,1644.0,2024-11-02 19:38:52,3000.2.7,8420.0,88.0,100.0,Making Postgres and Elasticsearch work together like it's 2023.,,,35.0,19,False,2.0,,,,
48,tract,sonos/tract,ml-frameworks,https://github.com/sonos/tract,https://github.com/sonos/tract,,2017-08-07 09:31:26,2024-12-20 09:36:33,2024-12-17 10:45:04,207.0,43.0,203.0,2278.0,,2024-12-05 10:46:36,0.21.8,16036.0,302.0,86.0,"Tiny, no-nonsense, self-contained, Tensorflow and ONNX inference.",35.0,35.0,76.0,19,False,2.0,,,,
49,dora,dora-rs/dora,mlops,https://github.com/dora-rs/dora,https://github.com/dora-rs/dora,Apache-2.0,2022-02-17 21:33:07,2024-12-31 18:22:52,2024-12-11 16:32:10,95.0,46.0,97.0,1643.0,,2024-12-11 16:40:10,0.3.8,2629.0,101.0,48.0,DORA (Dataflow-Oriented Robotic Architecture) is middleware designed to streamline and simplify the creation of AI-..,25.0,25.0,29.0,19,True,1.0,,,,
50,smartcore,smartcorelib/smartcore,ml-frameworks,https://github.com/smartcorelib/smartcore,https://github.com/smartcorelib/smartcore,Apache-2.0,2019-05-08 05:14:51,2024-12-31 15:22:15,2024-11-25 15:47:23,77.0,67.0,51.0,729.0,,2024-11-26 02:50:51,0.4.0,,,3.0,A comprehensive library for machine learning and numerical computing. The library provides a set of tools for linear..,249.0,249.0,29.0,19,True,2.0,,,,
51,lindera,lindera-morphology/lindera,nlp,https://github.com/lindera/lindera,https://github.com/lindera/lindera,MIT,2020-01-22 14:27:57,2024-12-29 13:21:22,2024-12-29 13:21:03,39.0,15.0,74.0,421.0,,2024-11-30 13:33:31,0.38.1,2532.0,42.0,75.0,A multilingual morphological analysis library.,813.0,813.0,19.0,19,True,2.0,lindera/lindera,,,
52,Raphtory,Pometry/Raphtory,graph,https://github.com/Pometry/Raphtory,https://github.com/Pometry/Raphtory,GPL-3.0,2017-05-30 13:15:18,2024-12-28 13:06:34,2024-12-20 16:15:59,55.0,95.0,422.0,356.0,1536.0,2024-12-02 17:33:35,0.14.0,381.0,7.0,44.0,"Scalable graph analytics database powered by a multithreaded, vectorized temporal engine, written in Rust.",17.0,17.0,31.0,19,True,2.0,,,,
53,sudachi.rs,WorksApplications/sudachi.rs,nlp,https://github.com/WorksApplications/sudachi.rs,https://github.com/WorksApplications/sudachi.rs,Apache-2.0,2019-11-23 12:04:58,2024-12-05 00:04:13,2024-12-04 07:20:18,33.0,27.0,126.0,330.0,,2024-11-20 07:00:05,0.6.9,381.0,9.0,11.0,Sudachi in Rust and new generation of SudachiPy.,1545.0,1545.0,15.0,19,True,2.0,,,,
54,pyrus-cramjam,milesgranger/pyrus-cramjam,ml-frameworks,https://github.com/milesgranger/cramjam,https://github.com/milesgranger/cramjam,MIT,2020-03-08 07:46:33,2024-12-30 18:49:35,2024-12-30 18:49:35,8.0,9.0,58.0,95.0,146.0,2024-12-12 12:26:31,2.9.1,600.0,10.0,50.0,"Your go-to for easy access to a plethora of compression algorithms, all neatly bundled in one simple installation.",4764.0,4764.0,10.0,19,False,2.0,milesgranger/cramjam,,,
55,datafuse,datafuselabs/datafuse,data-loading,https://github.com/databendlabs/databend,https://github.com/databendlabs/databend,,2020-10-10 06:04:42,2025-01-01 09:02:13,2025-01-01 05:50:51,745.0,539.0,4970.0,8030.0,,2024-08-19 03:56:17,1.2.615,1500.0,250.0,100.0,", & . Modern alternative to Snowflake. Cost-effective and simple for massive-scale analytics. https://databend.com.",1.0,1.0,237.0,18,False,3.0,databendlabs/databend,,,
56,lancedb,lancedb/lancedb,mlops,https://github.com/lancedb/lancedb,https://github.com/lancedb/lancedb,Apache-2.0,2023-02-28 01:15:17,2024-12-31 23:36:27,2024-12-31 23:36:18,354.0,310.0,502.0,5144.0,,2024-12-31 23:36:44,python-v0.17.2-beta.1,,,100.0,"Developer-friendly, serverless vector database for AI applications. Easily add long-term memory to your LLM apps!.",11.0,11.0,108.0,18,True,2.0,,-1.0,,
57,GraphScope,alibaba/GraphScope,graph,https://github.com/alibaba/GraphScope,https://github.com/alibaba/GraphScope,Apache-2.0,2020-10-28 03:19:33,2024-12-25 11:33:52,2024-12-25 11:25:12,410.0,412.0,1225.0,3338.0,,2024-09-29 09:50:56,0.29.0,209.0,4.0,33.0,GraphScope: A One-Stop Large-Scale Graph Computing System from Alibaba |.,4.0,4.0,72.0,18,True,2.0,,,,
58,rust-bert,guillaume-be/rust-bert,nlp,https://github.com/guillaume-be/rust-bert,https://github.com/guillaume-be/rust-bert,Apache-2.0,2020-01-25 09:40:07,2024-12-24 00:29:32,2024-09-29 14:12:54,214.0,60.0,160.0,2705.0,,,,,,,"Rust native ready-to-use NLP pipelines and transformer-based models (BERT, DistilBERT, GPT2,...).",660.0,660.0,48.0,18,True,2.0,,,,
59,chat-ai-desktop,sonnylazuardi/chat-ai-desktop,apps,https://github.com/sonnylazuardi/chat-ai-desktop,https://github.com/sonnylazuardi/chat-ai-desktop,MIT,2022-12-04 07:57:40,2023-12-23 19:38:01,2023-03-20 10:17:05,193.0,39.0,18.0,2009.0,76.0,2023-03-20 02:13:27,0.5.0,26334.0,1197.0,3.0,Unofficial ChatGPT desktop app for Mac & Windows menubar using Tauri & Rust.,,,6.0,18,False,2.0,,,,
60,nlprule,bminixhofer/nlprule,nlp,https://github.com/bminixhofer/nlprule,https://github.com/bminixhofer/nlprule,Apache-2.0,2020-07-19 16:24:54,2023-05-23 00:44:59,2022-02-04 11:05:28,39.0,22.0,30.0,606.0,,2021-04-24 09:12:56,0.6.4,56212.0,1147.0,27.0,"A fast, low-resource Natural Language Processing and Text Correction library written in Rust.",64.0,64.0,7.0,18,False,2.0,,,,
61,xaynet,xaynetwork/xaynet,ml-frameworks,https://github.com/xaynetwork/xaynet,https://github.com/xaynetwork/xaynet,Apache-2.0,2019-08-29 08:59:32,2022-08-30 07:37:09,2022-08-30 07:37:08,25.0,5.0,27.0,200.0,2776.0,2021-01-18 12:57:57,0.11.0,,,11.0,Xaynet represents an agnostic Federated Machine Learning framework to build privacy-preserving AI applications.,14.0,14.0,28.0,18,False,2.0,,,,
62,quickwit,quickwit-inc/quickwit,apps,https://github.com/quickwit-oss/quickwit,https://github.com/quickwit-oss/quickwit,,2021-04-13 22:45:40,2024-12-31 15:56:29,2024-12-17 10:46:21,351.0,627.0,1715.0,8441.0,,2024-06-17 17:20:56,0.8.2,10494.0,249.0,25.0,"Cloud-native search engine for observability. An open-source alternative to Datadog, Elasticsearch, Loki, and Tempo.",,,86.0,17,False,3.0,quickwit-oss/quickwit,,,
63,evcxr,google/evcxr,ml-frameworks,https://github.com/evcxr/evcxr,https://github.com/evcxr/evcxr,,2018-09-25 10:19:22,2024-10-12 06:45:19,2024-10-11 06:10:34,216.0,110.0,151.0,5678.0,,2023-12-17 00:16:37,0.17.0,5737.0,204.0,7.0,,166.0,166.0,49.0,17,False,2.0,evcxr/evcxr,-1.0,,
64,Rust-CUDA,RDambrosio016/Rust-CUDA,other,https://github.com/Rust-GPU/Rust-CUDA,https://github.com/Rust-GPU/Rust-CUDA,Apache-2.0,2021-10-17 23:37:05,2023-11-09 11:25:37,2022-07-01 21:05:30,119.0,57.0,21.0,3225.0,197.0,2022-02-07 20:44:13,0.3,,,2.0,Ecosystem of libraries and tools for writing and executing fast GPU code fully in Rust.,102.0,102.0,11.0,17,False,1.0,Rust-GPU/Rust-CUDA,,,
65,weld,weld-project/weld,ml-frameworks,https://github.com/weld-project/weld,https://github.com/weld-project/weld,BSD-3-Clause,2016-06-13 05:00:24,2022-06-22 01:07:30,2020-04-04 20:50:54,251.0,72.0,96.0,2994.0,615.0,,,,,3.0,High-performance runtime for data analytics applications.,5.0,5.0,37.0,17,False,2.0,,,,
66,opencv-rust,twistedfall/opencv-rust,image,https://github.com/twistedfall/opencv-rust,https://github.com/twistedfall/opencv-rust,MIT,2015-04-14 06:32:54,2024-12-13 02:22:51,2024-12-01 16:35:52,155.0,26.0,516.0,2050.0,1534.0,,,,,,Rust bindings for OpenCV 3 & 4.,,,51.0,17,True,2.0,,,['binding'],
67,texture-synthesis,EmbarkStudios/texture-synthesis,image,https://github.com/EmbarkStudios/texture-synthesis,https://github.com/EmbarkStudios/texture-synthesis,Apache-2.0,2019-08-26 08:06:48,2023-01-22 17:30:52,2023-01-22 17:30:50,79.0,11.0,38.0,1768.0,,2021-03-26 11:26:35,0.8.2,5098.0,78.0,14.0,Example-based texture synthesis written in Rust.,117.0,117.0,19.0,17,False,2.0,,,,
68,pgvectorscale,timescale/pgvectorscale,ml-frameworks,https://github.com/timescale/pgvectorscale,https://github.com/timescale/pgvectorscale,PostgreSQL,2023-07-01 01:05:05,2024-12-18 22:36:27,2024-12-18 22:36:25,63.0,27.0,32.0,1508.0,,2024-11-19 23:26:02,0.5.1,17905.0,1119.0,8.0,"A complement to pgvector for high performance, cost efficient vector search on large workloads.",,,14.0,17,False,2.0,,,,True
69,rusty-machine,AtheMathmo/rusty-machine,ml-frameworks,https://github.com/AtheMathmo/rusty-machine,https://github.com/AtheMathmo/rusty-machine,MIT,2015-11-14 05:55:27,2020-07-10 17:17:37,2020-02-14 18:25:14,147.0,33.0,67.0,1257.0,532.0,,,,,,Machine Learning library for Rust.,456.0,456.0,20.0,17,False,2.0,,,,
70,RustQuant,avhz/RustQuant,apps,https://github.com/avhz/RustQuant,https://github.com/avhz/RustQuant,Apache-2.0,2022-08-31 10:03:24,2024-11-24 23:26:41,2024-11-24 23:26:40,135.0,28.0,97.0,1206.0,,2024-11-23 00:15:01,RustQuant_stochastics-v0.4.0,,,100.0,Rust library for quantitative finance.,23.0,23.0,43.0,17,True,3.0,,,,
71,argmin,argmin-rs/argmin,ml-frameworks,https://github.com/argmin-rs/argmin,https://github.com/argmin-rs/argmin,Apache-2.0,2018-07-22 10:09:33,2024-11-26 04:59:54,2024-10-27 06:16:27,84.0,33.0,98.0,1029.0,,2024-02-27 15:15:01,argmin-v0.10.0,,,33.0,Numerical optimization in pure Rust.,604.0,604.0,41.0,17,True,2.0,,,,
72,lingua-rs,pemistahl/lingua-rs,nlp,https://github.com/pemistahl/lingua-rs,https://github.com/pemistahl/lingua-rs,Apache-2.0,2020-06-17 10:47:30,2024-12-31 18:32:24,2024-12-31 08:09:00,41.0,13.0,46.0,907.0,,2023-12-12 20:45:20,1.6.2,,,17.0,"The most accurate natural language detection library for Rust, suitable for short text and mixed-language text.",213.0,213.0,6.0,17,True,2.0,,,,
73,mosec,mosecorg/mosec,mlops,https://github.com/mosecorg/mosec,https://github.com/mosecorg/mosec,Apache-2.0,2021-03-13 04:07:20,2025-01-01 02:56:26,2024-12-27 14:27:40,61.0,14.0,87.0,806.0,,2024-11-18 12:33:43,0.9.0,,,47.0,"A high-performance ML model serving framework, offers dynamic batching and CPU/GPU pipelines to fully exploit your..",58.0,58.0,14.0,17,True,2.0,,,,
74,datafrog,rust-lang/datafrog,data-loading,https://github.com/rust-lang/datafrog,https://github.com/rust-lang/datafrog,Apache-2.0,2018-05-16 13:37:32,2022-01-20 20:23:52,2022-01-20 20:23:52,42.0,6.0,6.0,804.0,136.0,,,,,,A lightweight Datalog engine in Rust.,5679.0,5679.0,13.0,17,False,3.0,,,,
75,nnsplit,bminixhofer/nnsplit,nlp,https://github.com/segment-any-text/wtpsplit,https://github.com/segment-any-text/wtpsplit,MIT,2020-01-31 10:34:17,2024-12-14 11:06:27,2024-12-14 10:59:54,42.0,4.0,76.0,796.0,,2024-12-14 11:06:27,2.1.2,,,29.0,"Toolkit to segment text into sentences or other semantic units in a robust, efficient and adaptable way.",63.0,63.0,10.0,17,True,2.0,segment-any-text/wtpsplit,,,
76,milli,meilisearch/milli,apps,https://github.com/meilisearch/milli,https://github.com/meilisearch/milli,MIT,2020-05-31 12:21:55,2023-04-04 11:21:46,2023-04-04 11:21:46,81.0,,159.0,465.0,,2023-02-22 15:13:18,0.41.3,,,86.0,Search engine library for Meilisearch.,525.0,525.0,41.0,17,False,3.0,,,,
77,text-splitter,benbrandt/text-splitter,nlp,https://github.com/benbrandt/text-splitter,https://github.com/benbrandt/text-splitter,MIT,2023-04-07 11:54:39,2024-12-31 07:01:33,2024-12-31 07:01:31,19.0,7.0,19.0,312.0,,2024-12-14 20:50:07,0.20.0,,,57.0,"Split text into semantic chunks, up to a desired chunk size. Supports calculating length by characters and tokens, and..",217.0,217.0,7.0,17,True,2.0,,,,
78,graph-rs,sreeise/graph-rs,graph,https://github.com/sreeise/graph-rs-sdk,https://github.com/sreeise/graph-rs-sdk,MIT,2018-12-18 13:17:11,2024-10-10 10:05:14,2024-10-10 10:04:23,31.0,22.0,249.0,115.0,961.0,2024-10-10 10:05:14,2.0.3,,,21.0,Microsoft Graph API Client And Identity Platform Client in Rust.,62.0,62.0,16.0,17,True,3.0,sreeise/graph-rs-sdk,,,
79,weggli,googleprojectzero/weggli,apps,https://github.com/weggli-rs/weggli,https://github.com/weggli-rs/weggli,Apache-2.0,2021-09-30 16:06:12,2024-07-12 16:50:14,2024-01-16 14:12:00,128.0,37.0,29.0,2354.0,,2022-05-31 12:23:06,0.2.4,,,3.0,weggli is a fast and robust semantic search tool for C and C++ codebases. It is designed to help security researchers..,86.0,86.0,10.0,16,True,3.0,weggli-rs/weggli,,,
80,lsp-ai,SilasMarvin/lsp-ai,apps,https://github.com/SilasMarvin/lsp-ai,https://github.com/SilasMarvin/lsp-ai,MIT,2023-11-24 17:08:42,2024-12-18 16:30:42,2024-12-18 16:30:39,79.0,21.0,32.0,2286.0,,2024-09-24 14:49:55,0.7.1,1006.0,143.0,12.0,"LSP-AI is an open-source language server that serves as a backend for AI-powered functionality, designed to assist and..",,,8.0,16,True,3.0,,,,
81,vega,rajasekarv/vega,analysis,https://github.com/rajasekarv/vega,https://github.com/rajasekarv/vega,Apache-2.0,2019-10-22 19:13:09,2022-04-18 16:10:37,2021-06-29 20:02:50,204.0,34.0,31.0,2238.0,416.0,,,,,,A new arguably faster implementation of Apache Spark from scratch in Rust.,5.0,5.0,22.0,16,False,1.0,,,,
82,trieve,devflowinc/trieve,apps,https://github.com/devflowinc/trieve,https://github.com/devflowinc/trieve,,2023-03-26 19:45:53,2025-01-01 00:53:57,2024-12-31 23:02:03,149.0,14.0,1012.0,1758.0,,2024-12-06 20:23:50,0.13.0,,,6.0,"All-in-one infrastructure for search, recommendations, RAG, and analytics offered via API.",4.0,4.0,53.0,16,False,3.0,,,,True
83,lnx,lnx-search/lnx,apps,https://github.com/lnx-search/lnx,https://github.com/lnx-search/lnx,MIT,2021-08-13 15:05:22,2024-12-29 12:55:35,2024-12-29 12:55:31,46.0,36.0,42.0,1266.0,510.0,2022-10-05 16:57:07,0.9.0-master,,,18.0,"Insanely fast, Feature-rich searching. lnx is the adaptable, typo tollerant deployment of the tantivy search engine.",,,4.0,16,True,3.0,,,,
84,juice,spearow/juice,ml-frameworks,https://github.com/fff-rs/juice,https://github.com/fff-rs/juice,,2017-01-14 21:27:49,2024-07-22 18:07:55,2024-04-25 07:43:59,76.0,31.0,54.0,1116.0,1438.0,,,,,,The Hacker's Machine Learning Engine.,57.0,57.0,48.0,16,False,2.0,fff-rs/juice,,,
85,rustlearn,maciejkula/rustlearn,ml-frameworks,https://github.com/maciejkula/rustlearn,https://github.com/maciejkula/rustlearn,Apache-2.0,2015-12-03 21:48:17,2021-06-07 09:09:59,2020-06-21 02:01:58,55.0,11.0,6.0,629.0,76.0,2018-07-29 21:02:49,0.5.0,,,4.0,Machine learning crate for Rust.,136.0,136.0,9.0,16,False,2.0,,,,
86,cleora,Synerise/cleora,ml-frameworks,https://github.com/BaseModelAI/cleora,https://github.com/BaseModelAI/cleora,,2020-11-05 17:16:06,2024-11-28 16:28:51,2024-11-28 16:28:51,52.0,1.0,23.0,495.0,122.0,2024-11-24 21:52:40,2.0.0,3101.0,62.0,9.0,"Cleora AI is a general-purpose open-source model for efficient, scalable learning of stable and inductive entity..",39.0,39.0,14.0,16,False,2.0,BaseModelAI/cleora,,,
87,rustface,atomashpolskiy/rustface,image,https://github.com/atomashpolskiy/rustface,https://github.com/atomashpolskiy/rustface,,2017-12-21 20:24:40,2024-04-04 09:23:25,2024-04-04 09:23:22,33.0,5.0,17.0,403.0,183.0,2020-11-02 08:22:28,0.1.6,,,3.0,Face detection library for the Rust programming language.,236.0,236.0,7.0,16,False,3.0,,,,
88,granne,granne/granne,ml-frameworks,https://github.com/granne/granne,https://github.com/granne/granne,MIT,2019-12-06 09:12:47,2024-07-08 15:36:08,2021-05-19 16:09:39,24.0,9.0,9.0,316.0,203.0,2021-06-06 12:58:39,0.5.2,,,3.0,Graph-based Approximate Nearest Neighbor Search.,16.0,16.0,6.0,16,False,2.0,,,,
89,gap_statistic,milesgranger/gap_statistic,ml-frameworks,https://github.com/milesgranger/gap_statistic,https://github.com/milesgranger/gap_statistic,Unlicense,2016-04-25 11:22:18,2024-07-31 13:08:38,2023-07-31 04:15:48,46.0,6.0,33.0,216.0,135.0,2023-07-31 04:21:35,2.0.3,647.0,8.0,15.0,Dynamically get the suggested clusters in the data for unsupervised learning.,69.0,69.0,6.0,16,False,2.0,,,,
90,faiss-rs,Enet4/faiss-rs,ml-frameworks,https://github.com/Enet4/faiss-rs,https://github.com/Enet4/faiss-rs,Apache-2.0,2018-01-27 21:50:14,2024-09-18 17:05:05,2024-09-18 17:05:05,34.0,10.0,27.0,205.0,313.0,2023-08-26 11:09:33,0.12.1,,,12.0,Rust language bindings for Faiss.,35.0,35.0,11.0,16,True,2.0,,,['binding'],
91,graphlib,purpleprotocol/graphlib,graph,https://github.com/purpleprotocol/graphlib,https://github.com/purpleprotocol/graphlib,MIT,2019-03-14 12:52:32,2023-01-14 18:45:42,2021-11-09 12:03:42,14.0,7.0,23.0,194.0,172.0,2021-11-09 12:06:19,0.6.3,,,19.0,Simple but powerful graph library for Rust.,48.0,48.0,12.0,16,False,3.0,,,,
92,rust,tensorflow/rust,ml-frameworks,https://github.com/tensorflow/rust,https://github.com/tensorflow/rust,Apache-2.0,2016-02-05 00:32:17,2024-08-13 03:06:01,2023-12-03 01:03:41,420.0,63.0,127.0,5232.0,883.0,,,,,,Rust language bindings for TensorFlow.,,,49.0,15,False,2.0,,,['binding'],
93,aici,microsoft/aici,nlp,https://github.com/microsoft/aici,https://github.com/microsoft/aici,MIT,2023-09-26 21:33:16,2024-11-10 19:03:57,2024-11-10 19:03:57,79.0,34.0,41.0,1974.0,,2024-04-29 20:31:19,0.2.1,487.0,40.0,12.0,AICI: Prompts as (Wasm) Programs.,,,10.0,15,True,2.0,,,,
94,bayard,bayard-search/bayard,apps,https://github.com/mosuka/bayard,https://github.com/mosuka/bayard,MIT,2019-11-01 09:54:55,2023-03-06 15:17:06,2022-10-11 12:50:46,72.0,7.0,40.0,1858.0,,2022-08-03 06:37:23,0.9.0,38.0,0.0,18.0,A full-text search and indexing server written in Rust.,18.0,18.0,13.0,15,False,3.0,mosuka/bayard,,,
95,dfdx,coreylowman/dfdx,ml-frameworks,https://github.com/coreylowman/dfdx,https://github.com/coreylowman/dfdx,,2021-10-12 02:58:54,2024-07-23 02:05:58,2024-01-25 19:46:50,100.0,67.0,389.0,1763.0,,2023-07-27 13:15:10,0.13.0,,,8.0,"Deep learning in Rust, with shape checked tensors and neural networks.",92.0,92.0,39.0,15,False,2.0,,,,
96,TensorZero,tensorzero/tensorzero,mlops,https://github.com/tensorzero/tensorzero,https://github.com/tensorzero/tensorzero,Apache-2.0,2024-07-16 21:00:53,2024-12-31 22:03:29,2024-12-31 19:35:39,76.0,79.0,235.0,1615.0,,2024-12-28 03:08:19,2024.12.3,,,15.0,"TensorZero creates a feedback loop for optimizing LLM applications turning production data into smarter, faster, and..",,,10.0,15,True,3.0,,2.0,,
97,whatlang-rs,greyblake/whatlang-rs,nlp,https://github.com/greyblake/whatlang-rs,https://github.com/greyblake/whatlang-rs,MIT,2016-11-05 21:26:51,2024-03-16 15:51:08,2024-03-16 15:51:07,56.0,8.0,47.0,982.0,569.0,2022-10-23 14:15:03,0.16.2,,,4.0,Natural language detection library for Rust. Try demo online: https://whatlang.org/.,,,24.0,15,True,2.0,,,,
98,ratchet,huggingface/ratchet,ml-frameworks,https://github.com/huggingface/ratchet,https://github.com/huggingface/ratchet,MIT,2024-01-11 15:00:17,2024-11-23 21:02:58,2024-11-23 08:30:22,34.0,28.0,65.0,649.0,1254.0,,,,,,A cross-platform browser ML framework.,4.0,4.0,14.0,15,True,2.0,,,,
99,onnxruntime-rs,nbigaouette/onnxruntime-rs,ml-frameworks,https://github.com/nbigaouette/onnxruntime-rs,https://github.com/nbigaouette/onnxruntime-rs,Apache-2.0,2020-08-04 03:04:15,2024-03-06 16:33:46,2022-07-19 00:34:22,71.0,31.0,20.0,283.0,447.0,,,,,,Rust wrapper for Microsoft's ONNX Runtime (version 1.8).,181.0,181.0,9.0,15,False,2.0,,,['binding'],
100,kornia-rs,kornia/kornia-rs,image,https://github.com/kornia/kornia-rs,https://github.com/kornia/kornia-rs,Apache-2.0,2022-03-05 16:55:17,2024-12-31 17:30:04,2024-12-31 17:30:04,19.0,35.0,36.0,232.0,,2024-10-28 09:24:25,0.1.7,,,7.0,Low-level 3D Computer Vision library in Rust.,13.0,13.0,9.0,15,True,3.0,,,,
101,rs-natural,christophertrml/rs-natural,nlp,https://github.com/lexi-sh/rs-natural,https://github.com/lexi-sh/rs-natural,MIT,2014-07-27 22:26:18,2023-02-11 03:58:48,2020-02-13 07:12:11,30.0,2.0,7.0,230.0,97.0,,,,,,Natural Language Processing for Rust.,319.0,319.0,14.0,15,False,2.0,lexi-sh/rs-natural,,,
102,Oxen,Oxen-AI/Oxen,data-loading,https://github.com/Oxen-AI/Oxen,https://github.com/Oxen-AI/Oxen,Apache-2.0,2022-04-21 04:26:22,2024-12-31 20:08:58,2024-12-28 18:35:05,13.0,16.0,20.0,210.0,,2024-12-31 20:21:06,0.24.3,9701.0,808.0,100.0,"Oxen.ai's core rust library, server, and CLI.",1.0,1.0,17.0,15,True,3.0,,,,
103,erdos,erdos-project/erdos,apps,https://github.com/erdos-project/erdos,https://github.com/erdos-project/erdos,Apache-2.0,2018-11-05 20:19:05,2022-08-27 19:25:37,2022-08-27 19:25:37,40.0,12.0,31.0,201.0,536.0,,,,,5.0,Dataflow system for building self-driving car and robotics applications.,14.0,14.0,10.0,15,False,3.0,,,,
104,leaf,autumnai/leaf,ml-frameworks,https://github.com/autumnai/leaf,https://github.com/autumnai/leaf,Apache-2.0,2015-10-26 08:20:56,2024-03-20 09:51:14,2018-01-14 18:40:04,266.0,26.0,24.0,5556.0,164.0,,,,,,Open Machine Intelligence Framework for Hackers. (GPU/CPU).,,,15.0,14,False,2.0,,,,
105,Enzyme,wsmoses/Enzyme,ml-frameworks,https://github.com/EnzymeAD/Enzyme,https://github.com/EnzymeAD/Enzyme,,2019-02-27 03:27:23,2024-12-31 23:10:12,2024-12-29 03:38:20,111.0,103.0,297.0,1313.0,,2024-12-29 03:38:49,0.0.172,,,100.0,High-performance automatic differentiation of LLVM and MLIR.,,,58.0,14,False,2.0,EnzymeAD/Enzyme,,,
106,rain,substantic/rain,ml-frameworks,https://github.com/substantic/rain,https://github.com/substantic/rain,MIT,2018-02-13 17:04:46,2023-03-04 01:27:07,2018-12-16 16:29:10,53.0,11.0,21.0,749.0,738.0,2018-09-05 14:54:26,0.4.0,959.0,11.0,10.0,Framework for large distributed pipelines.,2.0,2.0,10.0,14,False,2.0,,,,
107,snips-nlu-rs,snipsco/snips-nlu-rs,nlp,https://github.com/snipsco/snips-nlu-rs,https://github.com/snipsco/snips-nlu-rs,,2018-02-21 09:29:02,2022-12-26 20:39:00,2020-01-28 16:19:54,56.0,5.0,15.0,341.0,1583.0,2020-01-28 16:20:20,0.65.6,,,33.0,Snips NLU rust implementation.,,,23.0,14,False,2.0,,,,
108,rust-tokenizers,guillaume-be/rust-tokenizers,nlp,https://github.com/guillaume-be/rust-tokenizers,https://github.com/guillaume-be/rust-tokenizers,Apache-2.0,2019-11-09 16:14:11,2023-10-01 08:37:10,2023-10-01 08:36:57,27.0,4.0,7.0,300.0,,,,,,,"Rust-tokenizer offers high-performance tokenizers for modern language models, including WordPiece, Byte-Pair Encoding..",639.0,639.0,8.0,14,False,2.0,,,,
109,hnsw,rust-cv/hnsw,ml-frameworks,https://github.com/rust-cv/hnsw,https://github.com/rust-cv/hnsw,MIT,2019-07-21 03:52:31,2023-12-12 09:51:05,2023-06-04 12:22:41,12.0,15.0,11.0,224.0,152.0,,,,,,HNSW ANN from the paper Efficient and robust approximate nearest neighbor search using Hierarchical Navigable Small..,136.0,136.0,5.0,14,False,2.0,,,,
110,rsrl,tspooner/rsrl,ml-frameworks,https://github.com/tspooner/rsrl,https://github.com/tspooner/rsrl,MIT,2017-03-29 15:18:20,2021-11-16 10:40:23,2020-06-18 11:31:52,13.0,21.0,17.0,180.0,545.0,,,,,7.0,"A fast, safe and easy to use reinforcement learning framework in Rust.",28.0,28.0,4.0,14,False,2.0,,,,
111,rust-stemmers,CurrySoftware/rust-stemmers,nlp,https://github.com/CurrySoftware/rust-stemmers,https://github.com/CurrySoftware/rust-stemmers,MIT,2017-02-07 13:00:30,2024-04-27 21:45:49,2021-05-13 07:18:43,19.0,2.0,3.0,117.0,51.0,,,,,,A rust implementation of some popular snowball stemming algorithms.,3720.0,3720.0,5.0,14,False,2.0,,,,
112,levenshtein-automata,tantivy-search/levenshtein-automata,nlp,https://github.com/quickwit-oss/levenshtein-automata,https://github.com/quickwit-oss/levenshtein-automata,MIT,2017-11-16 00:26:08,2023-02-28 04:00:01,2021-10-19 02:30:27,13.0,1.0,4.0,62.0,27.0,2020-03-30 00:38:52,0.2.0,,,1.0,,2958.0,2958.0,4.0,14,False,2.0,quickwit-oss/levenshtein-automata,,,
113,Toshi,toshi-search/Toshi,apps,https://github.com/toshi-search/Toshi,https://github.com/toshi-search/Toshi,MIT,2018-06-28 13:23:45,2024-01-19 16:11:06,2023-10-12 05:03:13,130.0,14.0,109.0,4209.0,456.0,,,,,,A full-text search engine in rust.,,,19.0,13,False,3.0,,,,
114,hora,hora-search/hora,ml-frameworks,https://github.com/hora-search/hora,https://github.com/hora-search/hora,Apache-2.0,2021-05-15 07:46:32,2024-01-31 01:18:35,2021-10-23 16:20:43,72.0,20.0,10.0,2605.0,,,,,,,efficient approximate nearest neighbor search algorithm collections library written in Rust .,42.0,42.0,6.0,13,False,3.0,,,,
115,hora-hora,hora-search/hora,apps,https://github.com/hora-search/hora,https://github.com/hora-search/hora,Apache-2.0,2021-05-15 07:46:32,2024-01-31 01:18:35,2021-10-23 16:20:43,72.0,20.0,10.0,2605.0,,,,,,,efficient approximate nearest neighbor search algorithm collections library written in Rust .,42.0,42.0,6.0,13,False,3.0,,,,
116,luminal,jafioti/luminal,ml-frameworks,https://github.com/jafioti/luminal,https://github.com/jafioti/luminal,Apache-2.0,2023-07-18 22:02:51,2024-10-09 10:47:19,2024-10-09 10:47:19,89.0,24.0,27.0,1495.0,,2024-03-01 23:10:25,0.2,,,2.0,Deep learning at the speed of light.,4.0,4.0,10.0,13,True,3.0,,,,
117,candle-vllm,EricLBuehler/candle-vllm,mlops,https://github.com/EricLBuehler/candle-vllm,https://github.com/EricLBuehler/candle-vllm,MIT,2023-10-29 11:21:48,2024-12-31 11:09:02,2024-12-31 11:09:02,29.0,4.0,35.0,279.0,346.0,,,,,,Efficent platform for inference and serving local LLMs including an OpenAI compatible API server.,,,4.0,13,True,3.0,,,,
118,outlines-core,dottxt-ai/outlines-core,nlp,https://github.com/dottxt-ai/outlines-core,https://github.com/dottxt-ai/outlines-core,Apache-2.0,2024-08-13 20:21:41,2024-12-20 18:31:27,2024-12-20 18:31:27,20.0,23.0,39.0,162.0,,2024-12-12 22:56:54,0.1.26,,,26.0,Structured generation in Rust.,4.0,4.0,17.0,13,True,2.0,,2.0,,
119,NeuroFlow,MikhailKravets/NeuroFlow,ml-frameworks,https://github.com/MikhailKravets/NeuroFlow,https://github.com/MikhailKravets/NeuroFlow,MIT,2017-06-22 18:45:50,2023-08-18 07:34:39,2023-08-18 07:32:27,19.0,,5.0,116.0,203.0,2023-08-18 07:34:40,0.2.0,,,1.0,Awesome deep learning crate.,24.0,24.0,3.0,13,False,3.0,,,,
120,kodama,diffeo/kodama,ml-frameworks,https://github.com/diffeo/kodama,https://github.com/diffeo/kodama,MIT,2017-08-07 00:12:06,2024-01-17 22:32:30,2024-01-17 22:32:29,10.0,3.0,2.0,92.0,50.0,,,,,,Fast hierarchical agglomerative clustering in Rust.,214.0,214.0,5.0,13,False,3.0,,,,
121,rustling,snipsco/rustling,nlp,https://github.com/sonos/rustling,https://github.com/sonos/rustling,,2017-04-10 08:50:12,2021-07-23 15:25:44,2019-09-11 16:12:55,21.0,1.0,2.0,77.0,193.0,2019-09-11 16:13:12,0.9.1,,,12.0,Rust implementation of Duckling.,19.0,19.0,8.0,13,False,2.0,sonos/rustling,,['binding'],
122,gym-rs,mrrobb/gym-rs,ml-frameworks,https://github.com/MrRobb/gym-rs,https://github.com/MrRobb/gym-rs,MIT,2019-08-20 23:26:06,2022-11-16 19:03:18,2022-11-16 19:03:15,6.0,5.0,6.0,61.0,187.0,2019-10-11 20:43:19,1.0.0,,,1.0,OpenAI Gym bindings for Rust.,10.0,10.0,4.0,13,False,3.0,,,['binding'],
123,rust-tfrecord,jerry73204/rust-tfrecord,data-loading,https://github.com/jerry73204/rust-tfrecord,https://github.com/jerry73204/rust-tfrecord,MIT,2019-11-06 17:35:02,2024-04-11 19:02:16,2023-09-09 01:35:25,8.0,1.0,2.0,24.0,236.0,,,,,,A Rust crate that reads and writes tfrecord files.,46.0,46.0,4.0,13,False,3.0,,,,
124,nerve,evilsocket/nerve,apps,https://github.com/evilsocket/nerve,https://github.com/evilsocket/nerve,,2024-06-07 09:58:13,2024-12-11 16:09:55,2024-12-11 16:09:51,39.0,2.0,11.0,696.0,,2024-12-11 16:10:26,0.5.2,,,14.0,Create LLM agents without writing code.,,,6.0,12,False,3.0,,,,
125,rust-autograd,raskr/rust-autograd,ml-frameworks,https://github.com/raskr/rust-autograd,https://github.com/raskr/rust-autograd,MIT,2017-09-05 14:42:39,2023-02-11 06:38:39,2023-02-11 06:38:32,37.0,6.0,33.0,488.0,386.0,,,,,,Tensors and differentiable operations (like TensorFlow) in Rust.,,,15.0,12,False,3.0,,,,
126,autograph,charles-r-earp/autograph,ml-frameworks,https://github.com/charles-r-earp/autograph,https://github.com/charles-r-earp/autograph,Apache-2.0,2019-06-17 23:43:49,2024-08-19 00:18:17,2024-08-19 00:17:59,17.0,,8.0,318.0,,2024-08-19 00:15:28,0.2.1,,,4.0,A machine learning library for Rust.,2.0,2.0,4.0,12,True,3.0,,,,
127,instant-distance,InstantDomain/instant-distance,ml-frameworks,https://github.com/djc/instant-distance,https://github.com/djc/instant-distance,Apache-2.0,2020-12-14 15:15:27,2024-11-29 08:45:16,2024-11-29 08:45:16,25.0,2.0,5.0,317.0,,,,,,,"Fast approximate nearest neighbor searching in Rust, based on HNSW index.",3.0,3.0,10.0,12,True,3.0,djc/instant-distance,,,
128,kdtree-rs,mrhooray/kdtree-rs,ml-frameworks,https://github.com/mrhooray/kdtree-rs,https://github.com/mrhooray/kdtree-rs,Apache-2.0,2015-07-29 05:20:17,2024-11-30 07:23:57,2024-11-30 07:23:56,45.0,,19.0,238.0,103.0,,,,,,K-dimensional tree in Rust for fast geospatial indexing and lookup.,,,16.0,12,True,3.0,,,,
129,tokenizations,explosion/tokenizations,nlp,https://github.com/explosion/tokenizations,https://github.com/explosion/tokenizations,MIT,2019-12-30 10:02:22,2023-10-04 15:52:19,2022-07-18 03:30:54,18.0,,11.0,189.0,292.0,2021-07-31 09:05:35,python/0.8.4,,,3.0,Robust and Fast tokenizations alignment library for Rust and Python https://tamuhey.github.io/tokenizations/.,,,4.0,12,False,2.0,,,,
130,ungoliant,oscar-corpus/ungoliant,nlp,https://github.com/oscar-project/ungoliant,https://github.com/oscar-project/ungoliant,Apache-2.0,2021-02-15 03:19:32,2023-12-18 16:31:48,2023-11-09 14:19:54,14.0,18.0,25.0,163.0,,2023-02-24 12:20:48,2.0.0,,,6.0,The pipeline for the OSCAR corpus.,7.0,7.0,7.0,12,False,2.0,oscar-project/ungoliant,,,
131,rustling-ontology,snipsco/rustling-ontology,nlp,https://github.com/sonos/rustling-ontology,https://github.com/sonos/rustling-ontology,,2017-04-24 15:08:48,2022-01-02 15:33:15,2020-10-07 11:29:08,46.0,28.0,26.0,128.0,1053.0,2020-01-23 14:58:51,0.19.3,,,49.0,Ontology for rustling.,,,22.0,12,False,2.0,sonos/rustling-ontology,,,
132,rust-sbert,cpcdoy/rust-sbert,nlp,https://github.com/cpcdoy/rust-sbert,https://github.com/cpcdoy/rust-sbert,Apache-2.0,2020-04-19 14:27:46,2024-09-17 11:00:59,2024-09-17 10:59:32,12.0,1.0,4.0,110.0,70.0,2024-09-17 11:00:59,0.5.0,,,1.0,Rust port of sentence-transformers (https://github.com/UKPLab/sentence-transformers).,6.0,6.0,6.0,12,True,2.0,,,,
133,bhtsne,frjnn/bhtsne,ml-frameworks,https://github.com/frjnn/bhtsne,https://github.com/frjnn/bhtsne,MIT,2020-08-21 15:39:47,2024-09-27 12:05:02,2024-09-27 12:04:59,8.0,,6.0,72.0,41.0,,,,,,Parallel Barnes-Hut t-SNE implementation written in Rust.,108.0,108.0,3.0,12,False,3.0,,,,
134,ffsvm-rust,ralfbiedert/ffsvm-rust,ml-frameworks,https://github.com/ralfbiedert/ffsvm,https://github.com/ralfbiedert/ffsvm,MIT,2017-12-10 16:52:20,2024-12-14 16:04:25,2024-12-14 16:03:54,9.0,2.0,8.0,69.0,345.0,,,,,,FFSVM stands for Really Fast Support Vector Machine.,5.0,5.0,3.0,12,False,3.0,ralfbiedert/ffsvm,2.0,,
135,rust-cv-convert,jerry73204/rust-cv-convert,image,https://github.com/jerry73204/rust-cv-convert,https://github.com/jerry73204/rust-cv-convert,MIT,2021-01-12 12:43:12,2024-08-09 22:39:25,2023-10-15 13:56:42,20.0,7.0,7.0,45.0,172.0,,,,,,Type conversion among popular Rust computer vision libraries.,27.0,27.0,7.0,12,False,3.0,,,,
136,rust-stop-words,cmccomb/rust-stop-words,nlp,https://github.com/cmccomb/rust-stop-words,https://github.com/cmccomb/rust-stop-words,MIT,2020-08-22 03:59:58,2023-10-10 20:43:28,2023-10-10 20:43:28,6.0,1.0,1.0,19.0,120.0,2023-10-08 13:56:19,0.8.0,,,9.0,Common stop words in a variety of languages.,85.0,85.0,2.0,12,False,2.0,,,,
137,spm_precompiled,huggingface/spm_precompiled,nlp,https://github.com/huggingface/spm_precompiled,https://github.com/huggingface/spm_precompiled,Apache-2.0,2020-09-15 19:11:01,2022-05-30 12:07:25,2022-05-30 12:07:22,13.0,,,18.0,12.0,,,,,,Highly specialized crate to parse and use `google/sentencepiece` 's precompiled_charsmap in `tokenizers`.,1635.0,1635.0,,12,False,2.0,,,,
138,tokengrams,EleutherAI/tokengrams,nlp,https://github.com/EleutherAI/tokengrams,https://github.com/EleutherAI/tokengrams,MIT,2023-12-21 15:22:19,2024-10-06 09:08:41,2024-10-02 00:47:26,3.0,,2.0,16.0,144.0,2024-09-04 23:52:04,0.3.3,,,3.0,Efficiently computing & storing token n-grams from large corpora.,3.0,3.0,3.0,12,False,2.0,,,,
139,srx,bminixhofer/srx,nlp,https://github.com/bminixhofer/srx,https://github.com/bminixhofer/srx,Apache-2.0,2021-02-03 11:09:47,2023-07-17 15:21:49,2023-07-17 15:19:23,4.0,1.0,4.0,8.0,18.0,2023-07-17 15:21:49,0.1.4,,,2.0,A mostly compliant Rust implementation of the Segmentation Rules eXchange (SRX) 2.0 standard for text segmentation.,95.0,95.0,4.0,12,False,2.0,,,,
140,deduplicate-text-datasets,google-research/deduplicate-text-datasets,nlp,https://github.com/google-research/deduplicate-text-datasets,https://github.com/google-research/deduplicate-text-datasets,Apache-2.0,2021-07-16 00:24:25,2024-07-30 21:44:50,2024-05-21 17:47:37,110.0,9.0,33.0,1149.0,54.0,,,,,,,,,5.0,11,False,3.0,,,,
141,cv,rust-cv/cv,image,https://github.com/rust-cv/cv,https://github.com/rust-cv/cv,,2020-04-04 17:46:04,2023-07-20 13:13:00,2023-07-20 12:23:27,68.0,38.0,13.0,873.0,,,,,,,"Rust CV mono-repo. Contains pure-Rust dependencies which attempt to encapsulate the capability of OpenCV, OpenMVG, and..",72.0,72.0,11.0,11,False,3.0,,,,
142,extractous,yobix-ai/extractous,data-loading,https://github.com/yobix-ai/extractous,https://github.com/yobix-ai/extractous,Apache-2.0,2024-06-04 08:24:18,2024-12-21 10:13:30,2024-12-21 10:13:30,27.0,7.0,17.0,635.0,,,,,,,Fast and efficient unstructured data extraction. Written in Rust with bindings for many languages.,1.0,1.0,7.0,11,True,3.0,,,,
143,kafka-delta-ingest,delta-io/kafka-delta-ingest,data-loading,https://github.com/delta-io/kafka-delta-ingest,https://github.com/delta-io/kafka-delta-ingest,Apache-2.0,2021-02-05 05:13:20,2024-12-31 14:55:17,2024-12-11 14:53:38,82.0,28.0,39.0,376.0,,,,,,,A highly efficient daemon for streaming data from Kafka into Delta Lake.,,,17.0,11,True,3.0,,,,
144,rust-dataframe,nevi-me/rust-dataframe,data-loading,https://github.com/nevi-me/rust-dataframe,https://github.com/nevi-me/rust-dataframe,Apache-2.0,2019-01-09 02:52:48,2020-10-26 17:05:17,2020-10-26 17:05:04,21.0,12.0,26.0,279.0,119.0,,,,,,"A Rust DataFrame implementation, built on Apache Arrow.",,,4.0,11,False,3.0,,,,
145,L2,bilal2vec/L2,ml-frameworks,https://github.com/bilal2vec/L2,https://github.com/bilal2vec/L2,MIT,2019-06-22 20:37:19,2022-12-25 15:16:55,2022-02-19 15:52:39,18.0,,1.0,191.0,165.0,2019-09-04 00:34:56,1.0,,,1.0,"l2 is a fast, Pytorch-style Tensor+Autograd library written in Rust.",,,,11,False,3.0,,,,
146,vtext,rth/vtext,nlp,https://github.com/rth/vtext,https://github.com/rth/vtext,Apache-2.0,2018-11-05 09:02:15,2023-07-06 21:58:30,2020-06-18 21:00:31,10.0,11.0,7.0,149.0,,,,,,,Simple NLP in Rust with Python bindings.,39.0,39.0,3.0,11,False,3.0,,,,
147,rurel,milanboers/rurel,ml-frameworks,https://github.com/milanboers/rurel,https://github.com/milanboers/rurel,MPL-2.0,2017-03-05 09:40:12,2024-06-25 08:45:48,2024-06-25 08:45:32,17.0,2.0,9.0,141.0,59.0,,,,,,"Flexible, reusable reinforcement learning (Q learning) implementation in Rust.",18.0,18.0,9.0,11,True,3.0,,,,
148,finalfusion-rust,finalfusion/finalfusion-rust,nlp,https://github.com/finalfusion/finalfusion-rust,https://github.com/finalfusion/finalfusion-rust,,2019-03-19 18:18:31,2023-10-10 10:16:46,2023-10-10 09:46:19,11.0,7.0,37.0,94.0,,2023-10-10 10:18:49,0.18.0,,,11.0,finalfusion embeddings in Rust.,49.0,49.0,5.0,11,False,3.0,,,,
149,rustml,daniel-e/rustml,ml-frameworks,https://github.com/daniel-e/rustml,https://github.com/daniel-e/rustml,,2015-06-23 13:59:00,2022-06-15 06:08:17,2022-06-15 06:08:14,7.0,2.0,3.0,66.0,333.0,2015-10-07 20:05:27,0.0.5,,,4.0,Machine learning in Rust.,15.0,15.0,2.0,11,False,3.0,,,,
150,snips-nlu-ontology,snipsco/snips-nlu-ontology,nlp,https://github.com/snipsco/snips-nlu-ontology,https://github.com/snipsco/snips-nlu-ontology,,2018-02-14 14:19:29,2020-03-08 14:16:49,2019-09-06 13:58:18,28.0,3.0,7.0,57.0,505.0,2019-09-06 13:58:41,0.67.2,,,35.0,Ontology of Snips NLU.,,,12.0,11,False,3.0,,,,
151,rstats,liborty/rstats,ml-frameworks,https://github.com/liborty/rstats,https://github.com/liborty/rstats,Apache-2.0,2020-08-30 04:06:51,2024-07-20 00:53:47,2024-07-20 00:53:34,1.0,,1.0,52.0,588.0,,,,,,"Statistics, Information Measures, Linear Algebra, Cholesky Matrix Decomposition, Mahalanobis Distance, Householder QR..",26.0,26.0,3.0,11,False,3.0,,,,
152,petal-clustering,petabi/petal-clustering,ml-frameworks,https://github.com/petabi/petal-clustering,https://github.com/petabi/petal-clustering,Apache-2.0,2019-06-06 18:31:20,2024-12-05 20:26:30,2024-12-05 20:26:29,4.0,6.0,9.0,31.0,,,,,,,"DBSCAN, HDBSCAN, and OPTICS clustering algorithms.",11.0,11.0,4.0,11,False,3.0,,,,
153,word2vec,dimakudosh/word2vec,nlp,https://github.com/DimaKudosh/word2vec,https://github.com/DimaKudosh/word2vec,MIT,2016-01-28 19:57:43,2019-11-04 15:30:36,2019-11-04 15:29:26,6.0,2.0,,29.0,63.0,,,,,,Rust interface to word2vec.,17.0,17.0,5.0,11,False,3.0,,,,
154,black-jack,milesgranger/black-jack,ml-frameworks,https://github.com/milesgranger/black-jack,https://github.com/milesgranger/black-jack,GPL-3.0,2018-08-18 14:31:48,2022-12-28 04:22:08,2021-04-29 19:39:04,5.0,8.0,42.0,29.0,217.0,2019-04-28 11:10:27,0.1.0,,,2.0,DataFrame / Series data processing in Rust.,1.0,1.0,3.0,11,False,3.0,,,,
155,neuronika,neuronika/neuronika,ml-frameworks,https://github.com/neuronika/neuronika,https://github.com/neuronika/neuronika,Apache-2.0,2021-02-13 17:04:39,2022-10-10 07:02:35,2022-10-10 07:02:09,54.0,12.0,33.0,1057.0,,,,,,,Tensors and dynamic neural networks in pure Rust.,5.0,5.0,2.0,10,False,3.0,,,,
156,sail,lakehq/sail,data-loading,https://github.com/lakehq/sail,https://github.com/lakehq/sail,Apache-2.0,2023-12-21 03:43:49,2024-12-31 10:46:33,2024-12-31 01:53:19,19.0,38.0,10.0,590.0,,,,,,,"LakeSail's computation framework with a mission to unify stream processing, batch processing, and compute-intensive..",1.0,1.0,4.0,10,True,3.0,,,,
157,rllama,Noeda/rllama,nlp,https://github.com/Noeda/rllama,https://github.com/Noeda/rllama,AGPL-3.0,2023-03-11 08:41:15,2024-02-12 00:45:39,2023-04-09 00:49:44,29.0,10.0,3.0,541.0,90.0,,,,,,Rust+OpenCL+AVX2 implementation of LLaMA inference code.,2.0,2.0,3.0,10,False,3.0,,,,
158,RustNN,jackm321/RustNN,ml-frameworks,https://github.com/jackm321/RustNN,https://github.com/jackm321/RustNN,Apache-2.0,2015-03-27 08:34:35,2017-12-21 15:19:41,2015-05-08 02:34:16,31.0,1.0,2.0,337.0,41.0,,,,,,A neural network crate.,,,2.0,10,False,3.0,,,,
159,deeplearn-rs,tedsta/deeplearn-rs,ml-frameworks,https://github.com/tedsta/deeplearn-rs,https://github.com/tedsta/deeplearn-rs,MIT,2015-10-27 02:51:50,2019-10-30 04:18:48,2017-08-20 03:30:59,22.0,1.0,4.0,212.0,78.0,,,,,,Neural networks in Rust.,,,2.0,10,False,3.0,,,,
160,rustfst,Garvys/rustfst,nlp,https://github.com/garvys-org/rustfst,https://github.com/garvys-org/rustfst,,2018-09-13 21:21:45,2024-08-17 01:35:49,2024-08-16 16:11:11,17.0,23.0,27.0,148.0,,2024-08-08 13:19:34,rustfst-v1.1.1,,,26.0,"Rust re-implementation of OpenFST - library for constructing, combining, optimizing, and searching weighted finite-..",20.0,20.0,20.0,10,False,3.0,garvys-org/rustfst,,,
161,orkhon,vertexclique/orkhon,ml-frameworks,https://github.com/vertexclique/orkhon,https://github.com/vertexclique/orkhon,MIT,2019-05-18 23:24:53,2021-02-01 15:23:47,2021-02-01 15:23:39,4.0,3.0,4.0,146.0,102.0,2020-11-17 23:04:49,0.2.0,,,1.0,Orkhon: ML Inference Framework and Server Runtime.,,,,10,False,3.0,,,,
162,rten,robertknight/rten,ml-frameworks,https://github.com/robertknight/rten,https://github.com/robertknight/rten,,2022-08-31 20:43:45,2024-12-31 16:45:27,2024-12-31 16:45:24,10.0,33.0,46.0,134.0,,,,,,,ONNX neural network inference engine.,61.0,61.0,5.0,10,False,3.0,,,,
163,gamma,metamolecular/gamma,ml-frameworks,https://github.com/metamolecular/gamma,https://github.com/metamolecular/gamma,,2020-02-14 14:48:02,2021-01-25 18:43:42,2021-01-25 18:42:39,6.0,,6.0,121.0,50.0,,,,,,A graph library for Rust.,46.0,46.0,3.0,10,False,3.0,,,,
164,tflite-rs,boncheolgu/tflite-rs,ml-frameworks,https://github.com/boncheolgu/tflite-rs,https://github.com/boncheolgu/tflite-rs,Apache-2.0,2018-10-23 13:13:57,2024-06-24 11:29:38,2024-06-24 11:29:11,46.0,22.0,10.0,119.0,158.0,,,,,,,,,12.0,10,False,3.0,,,,
165,alumina,millardjn/alumina,ml-frameworks,https://github.com/millardjn/alumina,https://github.com/millardjn/alumina,,2017-02-06 15:57:08,2022-10-23 07:44:15,2022-10-23 07:44:08,10.0,3.0,,102.0,245.0,,,,,,A deep learning library for rust.,28.0,28.0,,10,False,3.0,,,,
166,finalfrontier,finalfusion/finalfrontier,nlp,https://github.com/finalfusion/finalfrontier,https://github.com/finalfusion/finalfrontier,,2018-06-02 08:47:45,2023-10-20 13:06:26,2023-10-20 13:06:22,4.0,3.0,29.0,87.0,313.0,2020-07-27 09:03:36,0.9.4,90.0,1.0,12.0,Context-sensitive word embeddings with subwords. In Rust.,5.0,5.0,6.0,10,False,3.0,,,,
167,torchrs,torchrs/torchrs,ml-frameworks,https://github.com/torchrs/torchrs,https://github.com/torchrs/torchrs,BSD-2-Clause,2017-05-27 21:57:45,2017-07-16 00:27:45,2017-07-16 00:27:34,8.0,1.0,,77.0,532.0,,,,,,Deep Learning in Rust with the PyTorch API.,,,,10,False,3.0,,,['binding'],
168,chr,pemistahl/chr,nlp,https://github.com/pemistahl/chr,https://github.com/pemistahl/chr,Apache-2.0,2020-06-22 07:50:18,2021-01-14 10:14:41,2021-01-05 20:35:25,4.0,2.0,,42.0,35.0,2021-01-05 20:46:19,1.0.0,100.0,2.0,1.0,A command-line tool that gives information about Unicode characters.,4.0,4.0,,10,False,3.0,,,,
169,ngt-rs,lerouxrgd/ngt-rs,ml-frameworks,https://github.com/lerouxrgd/ngt-rs,https://github.com/lerouxrgd/ngt-rs,Apache-2.0,2020-04-26 21:45:05,2024-05-18 11:41:53,2024-05-18 11:41:50,6.0,1.0,9.0,37.0,70.0,,,,,,Rust wrappers for NGT approximate nearest neighbor search.,3.0,3.0,3.0,10,False,3.0,,,['binding'],
170,rustdef,emakryo/rustdef,ml-frameworks,https://github.com/emakryo/rustdef,https://github.com/emakryo/rustdef,MIT,2020-01-26 04:08:22,2023-03-13 02:57:27,2022-12-13 08:13:07,1.0,2.0,7.0,28.0,69.0,2022-12-14 23:41:19,0.4.0,196.0,3.0,9.0,Jupyter extension for Rust.,2.0,2.0,4.0,10,False,3.0,,,,
171,batched-fn,epwalsh/batched-fn,ml-frameworks,https://github.com/epwalsh/batched-fn,https://github.com/epwalsh/batched-fn,Apache-2.0,2020-03-20 22:06:11,2024-03-10 23:17:46,2024-03-10 23:17:44,2.0,4.0,3.0,21.0,,2024-03-10 23:18:08,0.2.5,,,2.0,Rust server plugin for deploying deep learning models with batched prediction.,8.0,8.0,3.0,10,False,3.0,,,,
172,unda,unda-ai/unda,ml-frameworks,https://github.com/unda-ml/unda,https://github.com/unda-ml/unda,Apache-2.0,2023-10-17 17:40:04,2024-10-14 01:42:20,2024-06-19 00:20:16,4.0,10.0,27.0,13.0,516.0,,,,,,General purpose machine learning crate.,5.0,5.0,4.0,10,False,3.0,unda-ml/unda,,,
173,reductive,finalfusion/reductive,ml-frameworks,https://github.com/finalfusion/reductive,https://github.com/finalfusion/reductive,Apache-2.0,2019-09-04 09:48:00,2021-12-03 11:08:21,2021-12-03 11:07:27,1.0,1.0,2.0,7.0,87.0,,,,,,Vector quantization.,49.0,49.0,3.0,10,False,3.0,,,,
174,voy,tantaraio/voy,apps,https://github.com/tantaraio/voy,https://github.com/tantaraio/voy,Apache-2.0,2023-01-27 08:48:18,2023-09-20 18:14:53,2023-09-20 18:14:52,32.0,21.0,21.0,898.0,,,,,,,A WASM vector similarity search written in Rust.,,,2.0,9,False,3.0,,,,
175,candle-lora,EricLBuehler/candle-lora,ml-frameworks,https://github.com/EricLBuehler/candle-lora,https://github.com/EricLBuehler/candle-lora,MIT,2023-09-08 13:15:45,2024-08-20 15:11:31,2024-08-20 15:10:03,15.0,5.0,14.0,132.0,228.0,,,,,,Low rank adaptation (LoRA) for Candle.,,,2.0,9,False,3.0,,,,
176,hal,jramapuram/hal,ml-frameworks,https://github.com/jramapuram/hal,https://github.com/jramapuram/hal,MIT,2015-07-22 20:11:09,2016-10-22 00:27:46,2016-10-22 00:24:58,10.0,5.0,,90.0,52.0,,,,,,Rust based Cross-GPU Machine Learning.,,,3.0,9,False,3.0,,,,
177,tractjs,bminixhofer/tractjs,ml-frameworks,https://github.com/bminixhofer/tractjs,https://github.com/bminixhofer/tractjs,,2020-05-24 07:46:54,2023-01-20 23:13:21,2021-07-23 10:51:13,6.0,3.0,11.0,75.0,,2021-07-23 11:17:36,0.4.0,17.0,0.0,11.0,Run ONNX and TensorFlow inference in the browser.,14.0,14.0,2.0,9,False,3.0,,,,
178,visionmagic,visioncortex/visionmagic,image,https://github.com/visioncortex/visionmagic,https://github.com/visioncortex/visionmagic,,2020-12-16 15:07:32,2024-03-30 14:48:44,2024-03-30 14:48:44,8.0,1.0,,59.0,40.0,2021-07-23 10:16:58,0.2.0,,,4.0,Collection of vision & graphics algorithms.,,,3.0,9,False,3.0,,,,
179,visual-odometry-rs,mpizenberg/visual-odometry-rs,image,https://github.com/mpizenberg/visual-odometry-rs,https://github.com/mpizenberg/visual-odometry-rs,MPL-2.0,2018-03-26 08:10:34,2020-01-17 19:04:01,2019-03-25 14:16:01,2.0,6.0,2.0,56.0,299.0,,,,,,Visual Odometry in Rust (vors).,,,,9,False,3.0,,,,
180,dpar,danieldk/dpar,nlp,https://github.com/danieldk/dpar,https://github.com/danieldk/dpar,Apache-2.0,2015-03-18 10:17:41,2020-09-14 12:16:26,2020-09-14 12:16:07,4.0,5.0,6.0,43.0,58.0,,,,,,Neural network transition-based dependency parser (in Rust).,,,3.0,9,False,3.0,,,,
181,RusticSOM,avinashshenoy97/RusticSOM,ml-frameworks,https://github.com/avinashshenoy97/RusticSOM,https://github.com/avinashshenoy97/RusticSOM,MIT,2018-03-04 07:44:42,2022-10-15 10:49:14,2020-10-07 18:54:35,6.0,1.0,,34.0,48.0,,,,,,Rust library for Self Organising Maps (SOM).,2.0,2.0,5.0,9,False,3.0,,,,
182,crfsuite-rs,messense/crfsuite-rs,ml-frameworks,https://github.com/messense/crfsuite-rs,https://github.com/messense/crfsuite-rs,MIT,2018-01-05 07:58:56,2022-03-03 02:52:30,2022-03-03 02:52:14,2.0,1.0,8.0,25.0,147.0,,,,,,Rust binding to crfsuite.,3.0,3.0,,9,False,3.0,,,,
183,sentencepiece,danieldk/sentencepiece,nlp,https://github.com/danieldk/sentencepiece,https://github.com/danieldk/sentencepiece,,2020-01-22 15:30:22,2023-07-22 12:12:20,2023-07-22 12:08:17,6.0,3.0,5.0,20.0,,2022-07-30 09:42:25,0.8.2,,,7.0,Rust binding for the sentencepiece library.,37.0,37.0,4.0,9,False,3.0,,,,
184,rust-tfidf,ferristseng/rust-tfidf,nlp,https://github.com/ferristseng/rust-tfidf,https://github.com/ferristseng/rust-tfidf,Apache-2.0,2015-04-14 01:59:21,2023-06-15 14:33:59,2023-06-15 14:33:59,4.0,2.0,2.0,18.0,27.0,,,,,,,17.0,17.0,4.0,9,False,3.0,,,,
185,snips-nlu-parsers,snipsco/snips-nlu-parsers,nlp,https://github.com/snipsco/snips-nlu-parsers,https://github.com/snipsco/snips-nlu-parsers,,2019-01-22 12:45:41,2022-12-26 20:38:59,2020-01-24 10:13:48,32.0,4.0,2.0,16.0,102.0,2020-01-24 10:14:32,0.4.3,338.0,4.0,13.0,Rust crate for entity parsing.,,,6.0,9,False,3.0,,,,
186,bayespam,zenoxygen/bayespam,ml-frameworks,https://github.com/zenoxygen/bayespam,https://github.com/zenoxygen/bayespam,MIT,2019-10-27 05:53:16,2020-12-24 00:31:37,2020-12-24 00:31:24,4.0,2.0,1.0,14.0,45.0,,,,,,A simple bayesian spam classifier written in Rust.,12.0,12.0,2.0,9,False,3.0,,,,
187,lumberjack,sebpuetz/lumberjack,nlp,https://github.com/sebpuetz/lumberjack,https://github.com/sebpuetz/lumberjack,Apache-2.0,2019-03-27 14:31:59,2020-05-05 12:29:29,2019-08-28 14:04:12,2.0,1.0,6.0,10.0,71.0,2019-05-27 12:20:25,0.3,,,2.0,Read and modify constituency trees in Rust.,13.0,13.0,2.0,9,False,3.0,,,,
188,tch-serde,jerry73204/tch-serde,data-loading,https://github.com/jerry73204/tch-serde,https://github.com/jerry73204/tch-serde,MIT,2020-07-21 21:04:15,2022-04-03 07:14:02,2022-04-03 07:12:20,3.0,,,5.0,39.0,,,,,,Serialize/Deserialize tch-rs types with serde.,5.0,5.0,4.0,9,False,3.0,,,,
189,zkml,ddkang/zkml,other,https://github.com/ddkang/zkml,https://github.com/ddkang/zkml,Apache-2.0,2023-02-01 17:25:08,2024-05-17 04:41:17,2023-08-10 20:58:59,39.0,3.0,2.0,350.0,,,,,,,,,,2.0,8,False,3.0,,,,
190,opentau,GammaTauAI/opentau,apps,https://github.com/GammaTauAI/opentau,https://github.com/GammaTauAI/opentau,Apache-2.0,2022-09-02 05:41:01,2023-12-10 02:41:41,2023-12-10 02:41:37,7.0,1.0,,97.0,,,,,,,Using Large Language Models for Repo-wide Type Prediction.,,,3.0,8,False,3.0,,,,
191,syntaxdot,tensordot/syntaxdot,nlp,https://github.com/tensordot/syntaxdot,https://github.com/tensordot/syntaxdot,,2020-10-07 17:49:05,2023-10-22 18:56:06,2023-10-22 18:56:03,3.0,7.0,13.0,72.0,,2023-09-22 07:52:53,0.5.0,89.0,1.0,11.0,"Neural syntax annotator, supporting sequence labeling, lemmatization, and dependency parsing.",4.0,4.0,4.0,8,False,3.0,,,,
192,fasttext-rs,messense/fasttext-rs,nlp,https://github.com/messense/fasttext-rs,https://github.com/messense/fasttext-rs,,2018-01-18 04:08:07,2024-01-07 08:41:31,2023-09-11 11:31:18,12.0,1.0,7.0,57.0,,,,,,,fastText Rust binding.,35.0,35.0,4.0,8,False,3.0,,,['binding'],
193,treebender,vgel/treebender,nlp,https://github.com/vgel/treebender,https://github.com/vgel/treebender,MIT,2020-10-18 21:34:55,2022-11-28 20:22:31,2022-11-22 19:40:52,1.0,2.0,,46.0,56.0,,,,,,A HDPSG-inspired symbolic natural language parser written in Rust.,1.0,1.0,,8,False,3.0,,,,
194,prophet,robbepop/prophet,ml-frameworks,https://github.com/Robbepop/prophet,https://github.com/Robbepop/prophet,,2016-09-04 16:28:38,2019-07-31 09:45:36,2018-05-25 09:44:58,1.0,4.0,5.0,41.0,151.0,,,,,,A simple neural net implementation.,10.0,10.0,2.0,8,False,3.0,,,,
195,vpsearch,kornelski/vpsearch,ml-frameworks,https://github.com/kornelski/vpsearch,https://github.com/kornelski/vpsearch,,2015-06-06 13:05:10,2022-01-16 19:09:13,2020-10-16 10:38:46,6.0,2.0,2.0,32.0,,,,,,,C library for finding nearest (most similar) element in a set.,44.0,44.0,2.0,8,False,3.0,,,,
196,sticker,stickeritis/sticker,nlp,https://github.com/stickeritis/sticker,https://github.com/stickeritis/sticker,,2019-02-15 09:35:54,2021-03-19 10:08:03,2021-03-19 10:08:00,2.0,15.0,37.0,25.0,206.0,2020-06-10 12:27:31,0.11.1,148.0,2.0,17.0,Succeeded by SyntaxDot: https://github.com/tensordot/syntaxdot.,,,5.0,8,False,3.0,,,,
197,cntk-rs,usamec/cntk-rs,ml-frameworks,https://github.com/usamec/cntk-rs,https://github.com/usamec/cntk-rs,Apache-2.0,2017-10-29 16:32:42,2018-03-04 12:55:18,2018-03-04 12:55:13,,1.0,1.0,22.0,41.0,,,,,,Wrapper around Microsoft CNTK library.,,,,8,False,3.0,,,,
198,h2o-kubernetes,h2oai/h2o-kubernetes,mlops,https://github.com/h2oai/h2o-kubernetes,https://github.com/h2oai/h2o-kubernetes,Apache-2.0,2020-08-04 16:47:37,2024-10-24 18:11:02,2021-02-09 11:49:12,6.0,2.0,13.0,21.0,69.0,2021-02-09 11:05:13,operator-0.1.0,79.0,1.0,1.0,H2O Open Source Kubernetes operator and a command-line tool to ease deployment (and undeployment) of H2O open-source..,,,4.0,8,False,3.0,,,,
199,deepfrog,proycon/deepfrog,nlp,https://github.com/proycon/deepfrog,https://github.com/proycon/deepfrog,GPL-3.0,2020-02-12 12:28:13,2023-03-24 23:53:13,2021-04-18 16:58:45,1.0,5.0,3.0,19.0,128.0,2021-04-11 13:32:18,0.2.1,,,2.0,An NLP-suite powered by deep learning.,2.0,2.0,,8,False,3.0,,,,
200,flaco,milesgranger/flaco,data-loading,https://github.com/milesgranger/flaco,https://github.com/milesgranger/flaco,Unlicense,2021-09-28 17:42:53,2022-10-28 04:08:27,2022-10-28 04:08:27,,2.0,1.0,15.0,55.0,2022-10-28 03:46:55,0.6.0,,,14.0,(PoC) A very memory-efficient way to read data from PostgreSQL.,,,2.0,8,False,3.0,,,,
201,eval-metrics,benjarison/eval-metrics,interpret,https://github.com/benjarison/eval-metrics,https://github.com/benjarison/eval-metrics,,2020-05-21 04:00:07,2022-06-06 16:41:01,2022-06-06 16:16:59,,,,13.0,81.0,2022-06-06 16:41:01,1.0.2,,,5.0,Evaluation metrics for machine learning.,9.0,9.0,,8,False,1.0,,,,
202,liblinear-rs,shademe/liblinear-rs,ml-frameworks,https://github.com/shadeMe/liblinear-rs,https://github.com/shadeMe/liblinear-rs,MIT,2018-10-02 11:55:10,2023-04-02 21:24:22,2023-04-02 21:24:15,3.0,1.0,3.0,9.0,43.0,,,,,,Rust language bindings for the LIBLINEAR C/C++ library.,,,,8,False,3.0,,,['binding'],
203,awabi,nakagami/awabi,nlp,https://github.com/nakagami/awabi,https://github.com/nakagami/awabi,MIT,2020-03-12 23:10:27,2024-07-01 07:36:36,2024-07-01 07:35:36,,,,9.0,61.0,,,,,,A morphological analyzer using mecab dictionary.,3.0,3.0,,8,False,3.0,,,,
204,mushin,c0dearm/mushin,ml-frameworks,https://github.com/c0dearm/mushin,https://github.com/c0dearm/mushin,,2021-04-07 13:51:02,2022-08-27 20:04:36,2022-07-09 20:10:37,9.0,3.0,4.0,389.0,,2022-06-08 12:18:38,0.5.0,,,1.0,Computational graphs with reverse automatic differentation in the GPU.,,,2.0,7,False,3.0,,,,
205,llamacord,rustformers/llamacord,apps,https://github.com/rustformers/llmcord,https://github.com/rustformers/llmcord,GPL-3.0,2023-03-14 23:37:40,2023-08-13 00:40:58,2023-08-13 00:40:54,11.0,13.0,10.0,92.0,,,,,,,"A Discord bot, written in Rust, that generates responses using the LLaMA language model.",,,,7,False,3.0,rustformers/llmcord,,,
206,cogent,JonathanWoollett-Light/cogent,ml-frameworks,https://github.com/JonathanWoollett-Light/cogent,https://github.com/JonathanWoollett-Light/cogent,,2019-09-30 01:15:30,2022-06-08 22:57:23,2022-06-08 22:57:23,3.0,,,44.0,358.0,,,,,,Simple neural network library for classification written in Rust.,,,2.0,7,False,3.0,,,,
207,rust-dl-webserver,epwalsh/rust-dl-webserver,ml-frameworks,https://github.com/epwalsh/rust-dl-webserver,https://github.com/epwalsh/rust-dl-webserver,,2020-03-25 21:29:16,2023-03-09 18:57:16,2022-03-14 19:31:27,5.0,1.0,,34.0,70.0,,,,,,Example of serving deep learning models in Rust with batched prediction.,,,3.0,7,False,3.0,,,,
208,revonet,yurytsoy/revonet,ml-frameworks,https://github.com/yurytsoy/revonet,https://github.com/yurytsoy/revonet,GPL-3.0,2017-05-13 08:37:07,2017-08-20 14:10:04,2017-08-20 14:08:55,4.0,,15.0,20.0,73.0,,,,,,Rust implementation of real-coded GA for solving optimization problems and training of neural networks.,,,,7,False,3.0,,,,
209,drug,CasperN/drug,ml-frameworks,https://github.com/CasperN/drug,https://github.com/CasperN/drug,MIT,2018-08-12 21:43:02,2018-10-26 16:34:55,2018-10-26 16:34:50,,,1.0,16.0,72.0,,,,,,Differentiable Rust Graphs (neural network library).,,,,7,False,3.0,,,,
210,craftml-rs,tomtung/craftml-rs,ml-frameworks,https://github.com/tomtung/craftml-rs,https://github.com/tomtung/craftml-rs,MIT,2018-10-05 15:05:19,2019-03-19 03:46:15,2019-03-19 03:46:03,1.0,,2.0,15.0,26.0,,,,,,"A Rust implementation of CRAFTML, an Efficient Clustering-based Random Forest for Extreme Multi-label Learning.",,,,7,False,3.0,,,,
211,gazetteer-entity-parser,snipsco/gazetteer-entity-parser,nlp,https://github.com/snipsco/gazetteer-entity-parser,https://github.com/snipsco/gazetteer-entity-parser,,2018-06-12 07:13:37,2024-04-29 14:12:53,2024-04-29 14:12:15,18.0,1.0,2.0,14.0,,2024-04-29 14:12:53,0.9.0,,,9.0,Rust library for parsing and resolving entity values based on a gazetteer.,,,8.0,7,False,3.0,,,,
212,NewsAggregator,EngineersBox/NewsAggregator,data-loading,https://github.com/EngineersBox/NewsAggregator,https://github.com/EngineersBox/NewsAggregator,Apache-2.0,2021-02-28 09:18:55,2021-10-24 00:36:43,2021-10-12 14:36:32,6.0,,,10.0,,,,,,,"A fast, searchable, knowledge engine using various machine learning models to aggregate based on importance,..",,,10.0,7,False,3.0,,,,
213,hwt,rust-cv/hwt,ml-frameworks,https://github.com/rust-cv/hwt,https://github.com/rust-cv/hwt,MIT,2019-02-20 23:09:30,2019-05-03 19:19:07,2019-05-03 19:18:47,1.0,5.0,5.0,7.0,147.0,,,,,,Hamming Weight Tree from the paper Online Nearest Neighbor Search in Hamming Space.,,,,7,False,3.0,,,,
214,alpino-tokenizer,danieldk/alpino-tokenizer,nlp,https://github.com/danieldk/alpino-tokenizer,https://github.com/danieldk/alpino-tokenizer,,2019-10-08 07:11:10,2023-11-06 09:51:47,2023-11-06 09:50:46,,,,3.0,46.0,2020-10-08 08:49:03,0.3.0,34.0,0.0,1.0,Rust wrapper for the Alpino tokenizer.,3.0,3.0,,7,False,3.0,,,,
215,seqalign,danieldk/seqalign,nlp,https://github.com/danieldk/seqalign,https://github.com/danieldk/seqalign,Apache-2.0,2018-03-06 14:46:35,2022-08-22 18:48:47,2022-08-22 18:48:40,,2.0,1.0,1.0,46.0,,,,,,Sequence alignments.,17.0,17.0,2.0,7,False,3.0,,,,
216,fwumious_wabbit,outbrain/fwumious_wabbit,ml-frameworks,https://github.com/outbrain-inc/fwumious_wabbit,https://github.com/outbrain-inc/fwumious_wabbit,,2020-09-14 12:52:38,2024-06-20 09:21:56,2024-06-04 14:05:15,19.0,1.0,4.0,135.0,,2024-05-29 19:46:33,fw-main-2.10,,,1.0,"Fwumious Wabbit, fast on-line machine learning toolkit written in Rust.",,,18.0,6,False,3.0,outbrain-inc/fwumious_wabbit,,,
217,word2vec-rs,mklf/word2vec-rs,nlp,https://github.com/mklf/word2vec-rs,https://github.com/mklf/word2vec-rs,,2016-11-11 16:06:12,2023-05-08 18:57:56,2021-08-31 06:02:55,15.0,2.0,,81.0,20.0,,,,,,pure rust implemention of word2vec.,,,4.0,6,False,3.0,,,,
218,REnforce,NivenT/REnforce,ml-frameworks,https://github.com/NivenT/REnforce,https://github.com/NivenT/REnforce,,2016-09-27 06:29:15,2017-08-03 08:09:34,2017-08-03 08:09:34,2.0,5.0,,23.0,114.0,,,,,,Reinforcement learning library written in Rust.,,,,6,False,3.0,,,,
219,fann-rs,afck/fann-rs,ml-frameworks,https://github.com/afck/fann-rs,https://github.com/afck/fann-rs,LGPL-3.0,2015-06-26 15:59:52,2024-02-02 14:19:05,2024-02-02 14:19:00,1.0,,2.0,15.0,64.0,,,,,,Rust wrapper for the Fast Artificial Neural Network library.,5.0,5.0,2.0,6,False,3.0,,,,
220,ollama-rag-rs,SimonCW/ollama-rag-rs,nlp,https://github.com/SimonCW/ollama-rag-rs,https://github.com/SimonCW/ollama-rag-rs,Apache-2.0,2024-01-12 12:06:27,2024-05-23 15:20:17,2024-05-23 15:20:07,1.0,,,15.0,,,,,,,Experimenting with LLMs through Ollama and retrieval augmented generation (RAG) in Rust.,,,,6,False,3.0,,,,
221,image-ssd,mermoldy/image-ssd,image,https://github.com/mermoldy/image-ssd,https://github.com/mermoldy/image-ssd,MIT,2020-08-30 21:11:13,2020-10-24 17:17:43,2020-10-24 17:17:20,,,,5.0,12.0,,,,,,A Rust library for object detection via SSD MobileNet.,,,,6,False,3.0,,,,
222,rust-hf-hub-loader,philschmid/rust-hf-hub-loader,ml-frameworks,https://github.com/philschmid/rust-hf-hub-loader,https://github.com/philschmid/rust-hf-hub-loader,Apache-2.0,2021-07-15 12:43:09,2021-09-10 19:33:42,2021-09-10 19:23:15,,,,3.0,,2021-09-10 19:33:42,0.2,284.0,7.0,2.0,,,,,6,False,3.0,,,,
223,oxidized-transformers,oxidized-transformers/oxidized-transformers,nlp,https://github.com/oxidized-transformers/oxidized-transformers,https://github.com/oxidized-transformers/oxidized-transformers,,2023-08-08 17:41:02,2024-05-05 15:41:32,2024-05-05 15:41:32,3.0,,1.0,36.0,,,,,,,Modular Rust transformer/LLM library using Candle.,,,2.0,5,False,3.0,,,,
224,rsnltk,dhchenx/rsnltk,nlp,https://github.com/dhchenx/rsnltk,https://github.com/dhchenx/rsnltk,,2022-02-01 06:40:23,2022-02-04 18:31:15,2022-02-04 18:31:10,1.0,,,20.0,,,,,,,Rust-based Natural Language Toolkit using Python Bindings.,8.0,8.0,,5,False,3.0,,,,
225,blingfire-rs,reinfer/blingfire-rs,nlp,https://github.com/reinfer/blingfire-rs,https://github.com/reinfer/blingfire-rs,MIT,2019-07-06 13:50:14,2020-06-23 16:31:02,2020-06-23 16:30:54,2.0,1.0,1.0,15.0,19.0,,,,,,Rust wrapper for the BlingFire tokenization library.,,,2.0,5,False,3.0,,,,
226,wordpieces,danieldk/wordpieces,nlp,https://github.com/danieldk/wordpieces,https://github.com/danieldk/wordpieces,,2019-11-22 10:36:17,2022-10-10 14:57:20,2022-10-10 14:56:52,,,,5.0,36.0,,,,,,Split tokens into word pieces.,9.0,9.0,2.0,5,False,3.0,,,,
227,rustberta-snli,allenai/rustberta-snli,nlp,https://github.com/allenai/rustberta-snli,https://github.com/allenai/rustberta-snli,,2020-10-09 22:53:16,2021-09-13 08:05:10,2021-01-05 17:19:37,1.0,,,13.0,46.0,,,,,,A Rust implementation of a RoBERTa classification model for the SNLI dataset.,,,2.0,4,False,3.0,,,,
228,propagon,Refefer/propagon,graph,https://github.com/Refefer/propagon,https://github.com/Refefer/propagon,,2019-04-06 18:02:18,2022-09-21 13:41:11,2022-09-21 13:41:05,1.0,2.0,1.0,8.0,146.0,,,,,,"Fast, large scale library for computing rankings and features based on various pairwise and graph algorithms.",,,2.0,4,False,3.0,,,,
229,ohnomore,danieldk/ohnomore,nlp,https://github.com/danieldk/ohnomore,https://github.com/danieldk/ohnomore,,2017-12-08 13:25:51,2022-05-15 06:59:00,2022-05-15 06:57:22,,3.0,,,103.0,,,,,,Explorations in lemmatization.,,,3.0,4,False,3.0,,,,
230,misspeller,andrew-johnson-4/misspeller,nlp,,{},,,,,,,,,,,,,,,,,,,0,False,,,,,
231,ballista,ballista-compute/ballista,ml-frameworks,,{},,,,,,,,,,,,,,,,,,,0,False,,,,,
232,aleph-alpha-tokenizer,Aleph-Alpha/aleph-alpha-tokenizer,nlp,,{},,,,,,,,,,,,,,,,,,,0,False,,,,,
